soc_2010,title_2010,group_id,oews_tot_emp_adjusted,oews_tot_emp_imputed,oews_group_a_mean,pct_occ_scaled,augmentation_weighted_ratio,automation_weighted_ratio
11-1011,Chief Executives,0,199240.0,199240.0,246440.0,0.1678362921669072,0.6510903426791282,0.24049844236760132
11-1021,General and Operations Managers,1,3376680.0,3376680.0,122860.0,0.0393186578534312,0.48670212765957493,0.3776595744680854
11-1031,Legislators,2,42890.0,42890.0,71100.0,0.0238421648685698,0.4473684210526334,0.22368421052631712
11-2011,Advertising and Promotions Managers,3,22010.0,22010.0,147050.0,0.2321473947729186,0.5639639639639645,0.3135135135135138
11-2021,Marketing Managers,4,328570.0,328570.0,158280.0,0.0574094233019512,0.5063752276867043,0.187613843351549
11-2022,Sales Managers,5,536390.0,536390.0,150530.0,0.0232147394772918,0.37837837837837873,0.20720720720720762
11-2031,Public Relations and Fundraising Managers (#),6,90520.0,90520.0,142614.85196641626,0.1475495378489137,0.630758327427357,0.2785258681785971
11-3011,Administrative Services Managers (#),7,353550.0,353550.0,112440.46216942441,0.0,0.0,0.0
11-3021,Computer and Information Systems Managers,8,533220.0,533220.0,173670.0,0.0774347503735792,0.5894665766374089,0.2072923700202569
11-3031,Financial Managers,9,740780.0,740780.0,166050.0,0.22921940961362008,0.562043795620439,0.2828467153284677
11-3051,Industrial Production Managers,10,211710.0,211710.0,120900.0,0.0203913252165398,0.3897435897435961,0.23589743589743936
11-3061,Purchasing Managers,11,75070.0,75070.0,140650.0,0.0313712695639078,0.33,0.4333333333333336
11-3071,"Transportation, Storage, and Distribution Managers",12,169910.0,169910.0,108910.0,0.09531637402500641,0.4772353263850808,0.21503017004936986
11-3111,Compensation and Benefits Managers,13,16850.0,16850.0,143140.0,0.0343515401724789,0.2785388127853891,0.164383561643836
11-3121,Human Resources Managers,14,181360.0,181360.0,145750.0,0.0383252343172405,0.4024556616643946,0.242837653478855
11-3131,Training and Development Managers,15,39550.0,39550.0,132100.0,0.0363906726941332,0.45402298850574746,0.4137931034482757
11-9013,"Farmers, Ranchers, and Other Agricultural Managers",16,6250.0,6250.0,83790.0,0.0416192176214503,0.3768844221105557,0.10050251256281485
11-9021,Construction Managers,17,303220.0,303220.0,112790.0,0.030534702375537,0.5068493150684931,0.2568493150684931
11-9031,"Education Administrators, Preschool and Childcare Center/Program",18,60010.0,60010.0,57610.0,0.0749773342577398,0.49232914923291565,0.368200836820084
11-9032,"Education Administrators, Elementary and Secondary School",19,285910.0,285910.0,106690.0,0.4597982409083448,0.600181942233341,0.35706163293154414
11-9033,"Education Administrators, Postsecondary",20,167060.0,167060.0,115180.0,0.0382729488679674,0.4398907103825153,0.2240437158469961
11-9039,"Education Administrators, All Other",21,50180.0,50180.0,99820.0,0.3767689474625347,0.5378850957535393,0.3488759367194005
11-9041,Architectural and Engineering Managers,22,197180.0,197180.0,163310.0,0.0963097975611971,0.5222584147665597,0.2627578718783941
11-9051,Food Service Managers,23,231100.0,231100.0,67130.0,0.0101433771589968,0.5979381443298959,0.23711340206185766
11-9061,Funeral Service Managers,24,13680.0,13680.0,84770.0,0.0548997217368387,0.4723809523809529,0.3276190476190487
11-9071,Gaming Managers,25,4800.0,4800.0,95830.0,0.0092022390720795,0.21590909090909152,0.1931818181818188
11-9081,Lodging Managers,26,39870.0,39870.0,73230.0,0.0069016793040596,0.0,0.0
11-9111,Medical and Health Services Managers,27,476750.0,476750.0,127980.0,0.0716310655042565,0.5343065693430658,0.3518248175182485
11-9121,Natural Sciences Managers,28,82570.0,82570.0,163610.0,0.1086491635896674,0.4889316650625602,0.2213666987487974
11-9131,Postmasters and Mail Superintendents,29,13460.0,13460.0,84190.0,0.0157902056805003,0.4569536423841059,0.2980132450331125
11-9141,"Property, Real Estate, and Community Association Managers",30,261120.0,261120.0,76110.0,0.03503125101303,0.4119402985074638,0.3074626865671651
11-9151,Social and Community Service Managers,31,162880.0,162880.0,79310.0,0.0202867543179938,0.5567010309278351,0.324742268041237
11-9161,Emergency Management Directors,32,11290.0,11290.0,88890.0,0.0054376867244106,0.0,0.3076923076923117
11-9199,"Managers, All Other (#)",33,622088.75,622088.75,111925.64246259075,0.459798240908343,0.5003411416875151,0.2735956333864004
13-1011,"Agents and Business Managers of Artists, Performers, and Athletes",34,13130.0,13130.0,120100.0,0.0957869430684656,0.6015283842794766,0.22925764192139747
13-1021,"Buyers and Purchasing Agents, Farm Products",35,154960.0,154960.0,75140.0,0.0053331158258643,0.0,0.0
13-1022,"Wholesale and Retail Buyers, Except Farm Products",36,154960.0,154960.0,75140.0,0.0150582093906756,0.3333333333333358,0.1319444444444453
13-1023,"Purchasing Agents, Except Wholesale, Retail, and Farm Products",37,154960.0,154960.0,75140.0,0.0369135271868648,0.345609065155808,0.2691218130311618
13-1031,"Claims Adjusters, Examiners, and Investigators",38,285270.0,285270.0,73380.0,0.0140125004052121,0.4925373134328372,0.18656716417910504
13-1032,"Insurance Appraisers, Auto Damage",39,11430.0,11430.0,71580.0,0.0076336755938842,0.4383561643835616,0.3424657534246575
13-1041,Compliance Officers,40,359640.0,359640.0,76980.0,0.1517323737907672,0.44658855961406013,0.30461750516885017
13-1051,Cost Estimators,41,225310.0,225310.0,76740.0,0.0179861945499737,0.3546511627906997,0.2383720930232543
13-1071,Human Resources Specialists,42,835360.0,835360.0,73080.0,0.0809378754748818,0.3359173126615006,0.2790697674418622
13-1074,Farm Labor Contractors,43,550.0,550.0,54630.0,0.0,0.0,0.0
13-1075,Labor Relations Specialists,44,62200.0,62200.0,87470.0,0.0303255605784441,0.3551724137931052,0.3275862068965534
13-1081,Logisticians,45,202970.0,202970.0,81220.0,0.2126449221940218,0.4317678878780439,0.2935824932382599
13-1111,Management Analysts,46,808860.0,808860.0,104660.0,0.0372272398825039,0.4241573033707875,0.2977528089887647
13-1121,"Meeting, Convention, and Event Planners",47,112070.0,112070.0,58750.0,0.0536448709542824,0.4775828460038993,0.3040935672514622
13-1131,Fundraisers,48,94630.0,94630.0,66670.0,0.1356284554146287,0.5312259059367773,0.3469545104086355
13-1141,"Compensation, Benefits, and Job Analysis Specialists",49,93550.0,93550.0,75920.0,0.3005367624222386,0.5285316631871957,0.4015309672929716
13-1151,Training and Development Specialists,50,367180.0,367180.0,69870.0,0.0272930045205997,0.43295019157088227,0.2528735632183914
13-1161,Market Research Analysts and Marketing Specialists,51,798620.0,798620.0,78880.0,0.2952036465963742,0.5940488841657812,0.3609635139922068
13-1199,"Business Operations Specialists, All Other (#)",33,622088.75,622088.75,111925.64246259075,0.6479212873932443,0.5137185280826347,0.3531310522918017
13-2011,Accountants and Auditors,52,1402420.0,1402420.0,86740.0,0.3117258485666987,0.522643408252265,0.3760483059376052
13-2021,Appraisers and Assessors of Real Estate (#),53,59970.0,59970.0,80460.0,0.0396323705490701,0.4406332453825866,0.30870712401055467
13-2031,Budget Analysts,54,48430.0,48430.0,87680.0,0.0259335828394969,0.3588709677419366,0.2016129032258063
13-2041,Credit Analysts,55,71960.0,71960.0,92180.0,0.0089930972749867,0.0,0.0
13-2051,Financial Analysts (#),56,237095.0,237095.0,102901.9715725764,0.2363302307147735,0.6721238938053098,0.2761061946902654
13-2052,Personal Financial Advisors,57,283060.0,283060.0,137740.0,0.2799362954086055,0.6503548748599182,0.2566305565932015
13-2053,Insurance Underwriters,58,105900.0,105900.0,82990.0,0.0146399257964903,0.1714285714285714,0.3571428571428571
13-2061,Financial Examiners,59,63370.0,63370.0,95610.0,0.0540631545484679,0.6518375241779502,0.2669245647969054
13-2071,Credit Counselors,60,29090.0,29090.0,51650.0,0.5516114898320486,0.6968720379146923,0.23393364928909957
13-2072,Loan Officers,61,345550.0,345550.0,84160.0,0.0819835844603461,0.7397959183673475,0.131377551020408
13-2081,"Tax Examiners and Collectors, and Revenue Agents",62,50610.0,50610.0,64410.0,0.0307438441726297,0.7721088435374165,0.0680272108843539
13-2082,Tax Preparers,63,82370.0,82370.0,55840.0,0.1203611042268602,0.8427454387489144,0.1016507384882708
13-2099,"Financial Specialists, All Other (#)",56,237095.0,237095.0,102901.9715725764,0.5596634490201172,0.5472720478325865,0.33856502242152486
15-1111,Computer and Information Research Scientists,64,33780.0,33780.0,155880.0,0.9908615491760348,0.6840272281146115,0.279088174766503
15-1121,Computer Systems Analysts,65,505210.0,505210.0,107530.0,1.8165010786488205,0.5731967071556042,0.36722123078694374
15-1122,Information Security Analysts,66,163690.0,163690.0,119860.0,0.1605163292686623,0.6273615635179155,0.2859934853420197
15-1131,Computer Programmers,67,132740.0,132740.0,102790.0,7.642668691159274,0.4563801548860245,0.5331800892099718
15-1132,"Software Developers, Applications (#)",33,622088.75,622088.75,111925.64246259075,3.6392589827273327,0.4366388743888013,0.539607587722869
15-1133,"Software Developers, Systems Software (#)",33,622088.75,622088.75,111925.64246259075,7.134854979335058,0.39926571709833664,0.5856871016832812
15-1134,Web Developers (#),33,622088.75,622088.75,111925.64246259075,4.577747940214732,0.5216840085433965,0.45142941989423546
15-1141,Database Administrators (#),33,622088.75,622088.75,111925.64246259075,0.9143679368893722,0.477355901189387,0.4876486733760293
15-1142,Network and Computer Systems Administrators,68,325930.0,325930.0,97160.0,3.058385069785394,0.428078093479673,0.5374910247204842
15-1143,Computer Network Architects,69,173920.0,173920.0,129490.0,0.268433496568505,0.5788858589793537,0.2454226723802109
15-1151,Computer User Support Specialists,70,696830.0,696830.0,61580.0,0.1251713655599927,0.4970760233918129,0.3951545530492899
15-1152,Computer Network Support Specialists,71,168920.0,168920.0,76060.0,0.2711523399307112,0.6135750096413424,0.3270343231777866
15-1199,"Computer Occupations, All Other (#)",33,622088.75,622088.75,111925.64246259075,7.260514342421596,0.5388260371733291,0.404384177210632
15-2011,Actuaries,72,25010.0,25010.0,127580.0,0.0641019608089184,0.6655791190864608,0.1598694942903755
15-2021,Mathematicians,73,2070.0,2070.0,113860.0,0.3997745451427342,0.5710175255035312,0.3646351033219986
15-2031,Operations Research Analysts,74,105080.0,105080.0,95820.0,0.2442776190042968,0.617722602739726,0.3047945205479451
15-2041,Statisticians,75,30780.0,30780.0,105510.0,1.4844884757641261,0.6358833474218092,0.30522682445759364
15-2091,Mathematical Technicians,76,81735.0,81735.0,114462.93264819233,0.1861361994125208,0.5202247191011236,0.4432584269662921
15-2099,"Mathematical Science Occupations, All Other (#)",76,81735.0,81735.0,114462.93264819233,,,
17-1011,"Architects, Except Landscape and Naval",77,107490.0,107490.0,96510.0,0.0780098903155842,0.5214477211796251,0.2667560321715826
17-1012,Landscape Architects,78,18120.0,18120.0,77820.0,0.0546905799397459,0.4971319311663485,0.3269598470363293
17-1021,Cartographers and Photogrammetrists,79,13270.0,13270.0,75300.0,0.0169404855645101,0.1296296296296302,0.2530864197530877
17-1022,Surveyors,80,47770.0,47770.0,71060.0,0.0338809711290204,0.41049382716049587,0.3611111111111128
17-2011,Aerospace Engineers,81,61580.0,61580.0,127090.0,0.0210187506078182,0.3631840796019923,0.298507462686569
17-2021,Agricultural Engineers,82,1500.0,1500.0,90710.0,0.0203913252165401,0.5128205128205129,0.42564102564102535
17-2031,Biomedical Engineers,83,19210.0,19210.0,108060.0,0.0263518664336825,0.4801587301587315,0.0
17-2041,Chemical Engineers,84,20380.0,20380.0,117820.0,0.0214370342020036,0.3756097560975634,0.2585365853658523
17-2051,Civil Engineers,85,307570.0,307570.0,97380.0,0.0494620350124277,0.3868921775898531,0.17124735729386975
17-2061,Computer Hardware Engineers,86,74640.0,74640.0,140830.0,0.6674063314890523,0.7013631378283804,0.2744033007781897
17-2071,Electrical Engineers,87,182210.0,182210.0,114050.0,0.0872121293876638,0.5551558752997605,0.2146282973621108
17-2072,"Electronics Engineers, Except Computer",88,106640.0,106640.0,118460.0,0.1290404888062078,0.38978930307941756,0.393030794165317
17-2081,Environmental Engineers,89,45440.0,45440.0,101670.0,0.0406780795345335,0.26221079691516896,0.04370179948586143
17-2111,"Health and Safety Engineers, Except Mining Safety Engineers and Inspectors",90,21520.0,21520.0,103570.0,0.005228544927317801,0.0,0.0
17-2112,Industrial Engineers,91,321400.0,321400.0,98560.0,0.09400923779317721,0.5283648498331488,0.22914349276974458
17-2121,Marine Engineers and Naval Architects,92,7450.0,7450.0,105560.0,0.0319986949551858,0.3464052287581704,0.2287581699346415
17-2131,Materials Engineers,93,21510.0,21510.0,105420.0,0.0,0.0,0.0
17-2141,Mechanical Engineers,94,277560.0,277560.0,100820.0,0.1233936602847041,0.5186440677966111,0.3127118644067803
17-2151,"Mining and Geological Engineers, Including Mining Safety Engineers",95,7390.0,7390.0,101290.0,0.0,0.0,0.0
17-2161,Nuclear Engineers,96,12250.0,12250.0,124540.0,0.1229753766905192,0.5833333333333337,0.3171768707482995
17-2171,Petroleum Engineers,97,20540.0,20540.0,142800.0,0.0059605412171424,0.5263157894736912,0.0
17-2199,"Engineers, All Other",98,150420.0,150420.0,111280.0,0.8191038483136353,0.5460232350312788,0.28877824588280393
17-3011,Architectural and Civil Drafters,99,105960.0,105960.0,61660.0,0.0277635735640583,0.3954802259887035,0.38041431261770514
17-3012,Electrical and Electronics Drafters,100,20930.0,20930.0,68640.0,0.0272407190713264,0.2418426103646846,0.3646833013435708
17-3013,Mechanical Drafters,101,47540.0,47540.0,65700.0,0.0072153919996986,0.0,0.0
17-3019,"Drafters, All Other",102,17980.0,17980.0,60370.0,,,
17-3021,Aerospace Engineering and Operations Technicians,103,9750.0,9750.0,77060.0,0.0,0.0,0.0
17-3022,Civil Engineering Technicians,104,62350.0,62350.0,61480.0,0.2668649330903108,0.6183385579937305,0.3467868338557993
17-3023,Electrical and Electronics Engineering Technicians,105,99050.0,99050.0,70810.0,0.2098737933825439,0.4424514200298957,0.43099152964623905
17-3024,Electro-Mechanical Technicians,106,14540.0,14540.0,65920.0,0.041200934027265296,0.27664974619289423,0.2766497461928949
17-3025,Environmental Engineering Technicians,107,13400.0,13400.0,58020.0,0.0118165115357384,0.0,0.3362831858407116
17-3026,Industrial Engineering Technicians,108,66560.0,66560.0,63470.0,0.0172541982601492,0.4606060606060615,0.0969696969696978
17-3027,Mechanical Engineering Technicians,109,39610.0,39610.0,64530.0,0.0385866615636064,0.3956639566395671,0.2439024390243905
17-3029,"Engineering Technicians, Except Drafters, All Other (#)",110,40520.0,40520.0,70103.96717670286,0.7001021657678776,0.529648991784915,0.33114264376400354
17-3031,Surveying and Mapping Technicians,111,56580.0,56580.0,51570.0,0.0028234142607516,0.0,0.0
19-1011,Animal Scientists,112,2520.0,2520.0,85870.0,0.014012500405212,0.2835820895522378,0.0
19-1012,Food Scientists and Technologists,113,14720.0,14720.0,85730.0,0.085748136808015,0.7304878048780494,0.1487804878048781
19-1013,Soil and Plant Scientists,114,16010.0,16010.0,76410.0,0.1424255638201422,0.8120411160058745,0.097650513950073
19-1021,Biochemists and Biophysicists,115,32500.0,32500.0,114740.0,0.1860316285139742,0.6981450252951097,0.2119168071950537
19-1022,Microbiologists,116,19710.0,19710.0,88950.0,0.0735133416780908,0.6201991465149366,0.1891891891891895
19-1023,Zoologists and Wildlife Biologists,117,17410.0,17410.0,72610.0,0.0464294789545837,0.576576576576577,0.2545045045045046
19-1029,"Biological Scientists, All Other",118,55300.0,55300.0,95920.0,0.535403000557362,0.5359375000000004,0.34570312500000044
19-1031,Conservation Scientists,119,22880.0,22880.0,69810.0,0.019868470723808103,0.29473684210526596,0.19473684210526496
19-1032,Foresters,120,9430.0,9430.0,68090.0,0.0,0.0,0.0
19-1041,Epidemiologists,121,9430.0,9430.0,85880.0,0.0943752359380898,0.7894736842105268,0.0515235457063712
19-1042,"Medical Scientists, Except Epidemiologists",122,110550.0,110550.0,110670.0,0.0509783130413503,0.6717948717948719,0.1917948717948718
19-1099,"Life Scientists, All Other",123,8320.0,8320.0,100370.0,,,
19-2011,Astronomers,124,2160.0,2160.0,127460.0,0.3139218374361725,0.5999333777481678,0.3394403730846103
19-2012,Physicists,125,18840.0,18840.0,150130.0,0.0803104500836042,0.4348958333333336,0.49739583333333376
19-2021,Atmospheric and Space Scientists,126,9900.0,9900.0,93610.0,0.1231845184876116,0.5186757215619703,0.3217317487266559
19-2031,Chemists,127,83940.0,83940.0,90530.0,0.3060790200451958,0.6282883498462593,0.3259309873590709
19-2032,Materials Scientists,128,7620.0,7620.0,110690.0,0.1638625980221461,0.5335035098915125,0.3701340140395662
19-2041,"Environmental Scientists and Specialists, Including Health",129,77270.0,77270.0,83820.0,0.2167754726866033,0.5470332850940676,0.2657983598649307
19-2042,"Geoscientists, Except Hydrologists and Geographers",130,25230.0,25230.0,104560.0,0.0827155807501705,0.6536030341340082,0.2010113780025287
19-2043,Hydrologists,131,6270.0,6270.0,96300.0,0.1516278028922219,0.6282758620689655,0.3082758620689655
19-2099,"Physical Scientists, All Other",132,19820.0,19820.0,116230.0,0.0182999072456128,0.2285714285714295,0.5142857142857167
19-3011,Economists,133,16370.0,16370.0,128180.0,0.2385262195842465,0.6738272687417804,0.2143796580447174
19-3022,Survey Researchers,134,7880.0,7880.0,66440.0,0.1841493523401398,0.5530948324815446,0.3759227711527541
19-3031,"Clinical, Counseling, and School Psychologists (#)",135,123130.0,123130.0,95307.22569641842,0.5084237087324017,0.7295351707116418,0.1544631838749485
19-3032,Industrial-Organizational Psychologists,136,1280.0,1280.0,144610.0,0.2566169850327672,0.62958435207824,0.2689486552567239
19-3039,"Psychologists, All Other",137,13900.0,13900.0,99560.0,0.0125485078255629,0.4249999999999997,0.0
19-3041,Sociologists,138,2980.0,2980.0,101310.0,0.1402295749506686,0.6353467561521253,0.2878448918717375
19-3051,Urban and Regional Planners,139,39880.0,39880.0,82420.0,0.0478934715342326,0.4519650655021857,0.22925764192139847
19-3091,Anthropologists and Archeologists,140,7350.0,7350.0,68310.0,0.505286581776011,0.5966473509933776,0.3114652317880796
19-3092,Geographers,141,1360.0,1360.0,88960.0,0.1038389022565353,0.6424974823766371,0.2356495468277945
19-3093,Historians,142,3120.0,3120.0,72900.0,0.4691050508789706,0.5820329915292021,0.3486402139991084
19-3094,Political Scientists,143,5660.0,5660.0,126140.0,0.3631747306515084,0.683846818312698,0.2634609847394183
19-3099,"Social Scientists and Related Workers, All Other",144,33210.0,33210.0,94560.0,0.0592916994757857,0.4373897707231053,0.3104056437389777
19-4011,Agricultural and Food Science Technicians (#),145,27490.0,27490.0,48605.005456529645,0.1730648370942256,0.4749244712990938,0.37583081570996985
19-4021,Biological Technicians,146,73710.0,73710.0,53560.0,0.1595751911817452,0.6317169069462651,0.293577981651376
19-4031,Chemical Technicians,147,56030.0,56030.0,56180.0,0.1806985126881099,0.5572916666666666,0.38310185185185175
19-4041,Geological and Petroleum Technicians (#),148,41430.0,41430.0,58436.094617426985,0.0380638070708746,0.25274725274725457,0.42032967032967233
19-4051,Nuclear Technicians,149,5880.0,5880.0,97040.0,0.025097015651126098,0.320833333333336,0.2875000000000005
19-4061,Social Science Research Assistants,150,28720.0,28720.0,57760.0,0.3547044878692527,0.5613207547169815,0.38295990566037746
19-4091,"Environmental Science and Protection Technicians, Including Health",151,33920.0,33920.0,53970.0,0.0468477625487691,0.3214285714285724,0.3281250000000008
19-4092,Forensic Science Technicians,152,17590.0,17590.0,69260.0,0.004705690434586,0.4000000000000062,0.0
19-4093,Forest and Conservation Technicians,153,29120.0,29120.0,45000.0,0.0973555065466612,0.5649838882921587,0.4146079484425349
19-4099,"Life, Physical, and Social Science Technicians, All Other (#)",148,41430.0,41430.0,58436.094617426985,0.11481884660390299,0.4945355191256833,0.3342440801457197
21-1011,Substance Abuse and Behavioral Disorder Counselors,154,,65840.0,,0.0580891341425026,0.6120612061206129,0.1440144014401444
21-1012,"Educational, Guidance, School, and Vocational Counselors",155,308000.0,308000.0,64200.0,0.4491155766868444,0.6594187713503575,0.2770532099960419
21-1013,Marriage and Family Therapists,156,62080.0,62080.0,63300.0,0.1030023350681643,0.6487309644670054,0.1969543147208124
21-1014,Mental Health Counselors,157,,65840.0,,0.4612099480387209,0.7561500963609574,0.1666477723614101
21-1015,Rehabilitation Counselors,158,82420.0,82420.0,46020.0,0.0024051306665662,0.0,0.0
21-1019,"Counselors, All Other",159,37270.0,37270.0,49770.0,,,
21-1021,"Child, Family, and School Social Workers",160,344770.0,344770.0,56680.0,0.0075291046953377,0.3888888888888901,0.0
21-1022,Healthcare Social Workers,161,182420.0,182420.0,62760.0,0.0257244410424044,0.5203252032520347,0.0
21-1023,Mental Health and Substance Abuse Social Workers,162,107940.0,107940.0,60130.0,0.0294889933900734,0.7304964539007093,0.0957446808510639
21-1029,"Social Workers, All Other",163,54620.0,54620.0,64360.0,,,
21-1091,Health Educators,164,56190.0,56190.0,66710.0,0.0474751879400473,0.4317180616740098,0.4823788546255505
21-1092,Probation Officers and Correctional Treatment Specialists,165,89920.0,89920.0,64920.0,0.0,0.0,0.0
21-1093,Social and Human Service Assistants,166,399560.0,399560.0,41600.0,0.0116073697386457,0.3243243243243239,0.0
21-1094,Community Health Workers,167,61300.0,61300.0,49900.0,0.0124439369270166,0.1596638655462184,0.1260504201680668
21-1099,"Community and Social Service Specialists, All Other",168,94270.0,94270.0,51620.0,,,
21-2011,Clergy,169,53140.0,53140.0,60180.0,0.9881949912631026,0.6481481481481481,0.3098412698412698
21-2021,"Directors, Religious Activities and Education",170,24030.0,24030.0,60540.0,0.0573048524034051,0.5930656934306582,0.1751824817518248
21-2099,"Religious Workers, All Other",171,10720.0,10720.0,45420.0,,,
23-1011,Lawyers,172,707160.0,707160.0,163770.0,0.1180605444588403,0.7351638618246241,0.1612046058458812
23-1012,Judicial Law Clerks,173,15540.0,15540.0,66310.0,0.0627425391278157,0.4933333333333337,0.3416666666666672
23-1021,"Administrative Law Judges, Adjudicators, and Hearing Officers",174,12490.0,12490.0,97250.0,0.1999395580206403,0.6574267782426779,0.3127615062761505
23-1022,"Arbitrators, Mediators, and Conciliators",175,7780.0,7780.0,98920.0,0.1140868503140785,0.6141154903758023,0.2713107241063247
23-1023,"Judges, Magistrate Judges, and Magistrates",176,28230.0,28230.0,153700.0,0.0367043853897721,0.46438746438746553,0.3333333333333343
23-2011,Paralegals and Legal Assistants,177,345240.0,345240.0,62840.0,0.0528083037659117,0.4792079207920795,0.4316831683168315
23-2091,Court Reporters,178,14240.0,14240.0,70290.0,0.0685985094464121,0.1981707317073169,0.760670731707317
23-2093,"Title Examiners, Abstractors, and Searchers",179,53680.0,53680.0,57030.0,0.0578277068961369,0.3996383363471976,0.4502712477396027
23-2099,"Legal Support Workers, All Other",180,46480.0,46480.0,77200.0,,,
25-1011,"Business Teachers, Postsecondary",181,78410.0,78410.0,108060.0,0.0306438153411433,0.5537438513421977,0.34385647256233726
25-1021,"Computer Science Teachers, Postsecondary",182,33870.0,33870.0,98610.0,0.0406236213661363,0.4976724608354389,0.3517665079519079
25-1022,"Mathematical Science Teachers, Postsecondary",183,46560.0,46560.0,90110.0,0.0851298480894617,0.7237228946706598,0.2225878125401589
25-1031,"Architecture Teachers, Postsecondary",184,6420.0,6420.0,104370.0,0.0276016020259433,0.5585529201857136,0.2379272883286957
25-1032,"Engineering Teachers, Postsecondary",185,36010.0,36010.0,114470.0,0.0549656785425251,0.7469276619274677,0.2120731406054435
25-1041,"Agricultural Sciences Teachers, Postsecondary",186,8240.0,8240.0,96650.0,0.0287817593095379,0.6067578113321748,0.2551611468145498
25-1042,"Biological Science Teachers, Postsecondary",187,49920.0,49920.0,97800.0,0.3767406320187743,0.6290691233517751,0.3073702502054066
25-1043,"Forestry and Conservation Science Teachers, Postsecondary",188,1270.0,1270.0,98160.0,0.096902487926385,0.6750563236635222,0.2620055708025917
25-1051,"Atmospheric, Earth, Marine, and Space Sciences Teachers, Postsecondary",189,11150.0,11150.0,107540.0,0.0610941669603631,0.6346940182876962,0.2271440757611786
25-1052,"Chemistry Teachers, Postsecondary",190,20650.0,20650.0,95250.0,0.0302452850548185,0.6445705643497209,0.2171305151086446
25-1053,"Environmental Science Teachers, Postsecondary",191,6240.0,6240.0,91450.0,0.048859371830439,0.6335161922434196,0.2337781131470482
25-1054,"Physics Teachers, Postsecondary",192,12860.0,12860.0,100810.0,0.1179807357695831,0.741867379789398,0.217356620054122
25-1061,"Anthropology and Archeology Teachers, Postsecondary",193,4930.0,4930.0,98940.0,0.0892570059407292,0.6758694375210837,0.250642680810045
25-1062,"Area, Ethnic, and Cultural Studies Teachers, Postsecondary",194,9340.0,9340.0,92980.0,0.0447695876780481,0.5797943361969449,0.3013686234314811
25-1063,"Economics Teachers, Postsecondary",195,11640.0,11640.0,122750.0,0.0345073032876396,0.6011908419304635,0.3354387345127431
25-1064,"Geography Teachers, Postsecondary",196,3340.0,3340.0,87880.0,0.0383764265338548,0.5405785944646169,0.3016196970825814
25-1065,"Political Science Teachers, Postsecondary",197,15190.0,15190.0,98420.0,0.0424546915771629,0.584711343725955,0.3490022763269958
25-1066,"Psychology Teachers, Postsecondary",198,40050.0,40050.0,88470.0,0.112203480907585,0.7605639517128752,0.1740138903102018
25-1067,"Sociology Teachers, Postsecondary",199,12030.0,12030.0,90200.0,0.0475960940890256,0.5764761320937759,0.3662287168406224
25-1069,"Social Sciences Teachers, Postsecondary, All Other",200,16200.0,16200.0,89350.0,,,
25-1071,"Health Specialties Teachers, Postsecondary",201,207700.0,207700.0,127640.0,0.0343155899736379,0.6045495569851217,0.3373127536243879
25-1072,"Nursing Instructors and Teachers, Postsecondary",202,69190.0,69190.0,84180.0,0.0286388840525497,0.6645686253626923,0.2548157402242654
25-1081,"Education Teachers, Postsecondary",203,58280.0,58280.0,78540.0,0.0590814644460341,0.5883059170479187,0.3233533735278546
25-1082,"Library Science Teachers, Postsecondary",204,4330.0,4330.0,81720.0,0.1046238937095006,0.6659112865477546,0.2505642928519982
25-1111,"Criminal Justice and Law Enforcement Teachers, Postsecondary",205,13900.0,13900.0,78980.0,0.0345073032876396,0.6011908419304635,0.3354387345127431
25-1112,"Law Teachers, Postsecondary",206,14830.0,14830.0,133950.0,0.088226867740884,0.5428513221865863,0.4003614789228598
25-1113,"Social Work Teachers, Postsecondary",207,12050.0,12050.0,75330.0,0.1112544207828991,0.7462657776124413,0.2079461067298395
25-1121,"Art, Drama, and Music Teachers, Postsecondary",208,97830.0,97830.0,93440.0,0.1265172450919428,0.5736198556151036,0.3064679354448811
25-1122,"Communications Teachers, Postsecondary",209,27350.0,27350.0,84700.0,0.0349868870637315,0.4961727834646732,0.3739215043256513
25-1123,"English Language and Literature Teachers, Postsecondary",210,57680.0,57680.0,83130.0,0.5293890806582886,0.6248677976033432,0.316384115196717
25-1124,"Foreign Language and Literature Teachers, Postsecondary",211,19520.0,19520.0,83300.0,0.3778676516111396,0.6841688441340874,0.2772075257155251
25-1125,"History Teachers, Postsecondary",212,18250.0,18250.0,88640.0,0.0945214926079277,0.6598775860870658,0.2691476398335523
25-1126,"Philosophy and Religion Teachers, Postsecondary",213,21620.0,21620.0,87100.0,0.0504020798666862,0.5672046110565085,0.36451262726381906
25-1191,Graduate Teaching Assistants,214,135160.0,135160.0,41900.0,0.3327445991745175,0.5216844751728474,0.4368321810182277
25-1192,"Home Economics Teachers, Postsecondary",215,2420.0,2420.0,89840.0,0.0355231348735184,0.5504964122418812,0.3290705119245757
25-1193,"Recreation and Fitness Studies Teachers, Postsecondary",216,13400.0,13400.0,82020.0,0.1702697401660312,0.7341448953001042,0.23441510871747742
25-1194,"Vocational Education Teachers, Postsecondary",217,103100.0,103100.0,65500.0,0.385762044737522,0.6110056925996206,0.3635131471943615
25-1199,"Postsecondary Teachers, All Other",218,214520.0,214520.0,91760.0,,,
25-2011,"Preschool Teachers, Except Special Education",219,415360.0,415360.0,38640.0,0.0378992135328346,0.5385885102288398,0.3215870602637803
25-2012,"Kindergarten Teachers, Except Special Education",220,119250.0,119250.0,65120.0,0.0159739403707492,0.2600518370262794,0.3062092255737207
25-2021,"Elementary School Teachers, Except Special Education",221,1394200.0,1394200.0,68000.0,0.0557450748423351,0.5121429531892245,0.3845566606521759
25-2022,"Middle School Teachers, Except Special and Career/Technical Education",222,611120.0,611120.0,67790.0,0.0614497908255338,0.532667121525192,0.365225202239947
25-2023,"Career/Technical Education Teachers, Middle School",223,11110.0,11110.0,67680.0,0.0468291608496086,0.5493592566686184,0.3743005369340424
25-2031,"Secondary School Teachers, Except Special and Career/Technical Education",224,1042090.0,1042090.0,69480.0,0.0548549773130417,0.5390397547262296,0.3649705844913524
25-2032,"Career/Technical Education Teachers, Secondary School",225,88280.0,88280.0,67610.0,0.0416587108659273,0.5526963661872117,0.3082168850593444
25-2051,"Special Education Teachers, Preschool",226,22970.0,22970.0,69620.0,0.0390374783262287,0.3891303053753204,0.4219298767783807
25-2052,"Special Education Teachers, Kindergarten and Elementary School (#)",227,,65840.0,,0.061206508818057,0.3301947682144357,0.4587493830441553
25-2053,"Special Education Teachers, Middle School",228,82970.0,82970.0,69530.0,0.0365675604803105,0.420604635088644,0.4043183799369687
25-2054,"Special Education Teachers, Secondary School",229,152490.0,152490.0,71290.0,0.0529387155971796,0.5558850922492928,0.3444695674605239
25-2059,"Special Education Teachers, All Other",230,42780.0,42780.0,74310.0,0.0181953363470665,0.3793103448275859,0.4425287356321837
25-3011,Adult Basic and Secondary Education and Literacy Teachers and Instructors,231,36490.0,36490.0,63130.0,0.2642096508778023,0.5727012312491889,0.3438958311074447
25-3021,Self-Enrichment Education Teachers,232,248150.0,248150.0,50320.0,0.2332067032565523,0.5384351028131148,0.3649467831234646
25-3099,"Teachers and Instructors, All Other (#)",233,692660.0,692660.0,47355.117373603214,2.180721518285793,0.6470701064543973,0.3265081039608707
25-4011,Archivists,234,7230.0,7230.0,63980.0,0.8997280110928819,0.4523477452347744,0.5097629009762901
25-4012,Curators,235,11620.0,11620.0,67490.0,0.1837310687459544,0.5924871940808196,0.3244166192373364
25-4013,Museum Technicians and Conservators,236,12240.0,12240.0,52820.0,0.0420375012156362,0.3184079601990049,0.3084577114427883
25-4021,Librarians,237,65840.0,65840.0,64770.0,0.609962051220918,0.6778673067032405,0.2437853591633805
25-4031,Library Technicians,238,73330.0,73330.0,40590.0,0.3113075649725134,0.49177023849512963,0.43029895868323814
25-9011,Audio-Visual and Multimedia Collections Specialists,237,65840.0,65840.0,64770.0,0.0715264946057099,0.4042397660818724,0.3684210526315801
25-9021,Farm and Home Management Advisors,239,8220.0,8220.0,58450.0,0.0574094233019514,0.5482695810564668,0.258652094717669
25-9031,Instructional Coordinators,240,198660.0,198660.0,73080.0,1.7027279410303804,0.5804827120309526,0.3786157342013143
25-9041,Teacher Assistants (#),241,,65840.0,,0.071022653003623,0.5097041895328611,0.3721054745014052
25-9099,"Education, Training, and Library Workers, All Other",242,129170.0,129170.0,52250.0,,,
27-1011,Art Directors,243,54470.0,54470.0,124310.0,0.3098435723928646,0.5278434019574754,0.439757003037462
27-1012,Craft Artists,244,4760.0,4760.0,49180.0,0.3562730513474487,0.4282359847373056,0.4986791899031406
27-1013,"Fine Artists, Including Painters, Sculptors, and Illustrators",245,12080.0,12080.0,69870.0,0.5015220294283425,0.427022518765638,0.4962468723936615
27-1014,Multimedia Artists and Animators,246,35990.0,35990.0,111130.0,0.7421396669835174,0.5106382978723404,0.4703395801042694
27-1019,"Artists and Related Workers, All Other",247,7510.0,7510.0,74130.0,,,
27-1021,Commercial and Industrial Designers,248,30450.0,30450.0,81740.0,0.0284432844046096,0.5220588235294139,0.2242647058823534
27-1022,Fashion Designers,249,20560.0,20560.0,85760.0,0.0381683779694211,0.3424657534246576,0.4000000000000003
27-1023,Floral Designers,250,42840.0,42840.0,34310.0,0.0,0.0,0.0
27-1024,Graphic Designers,251,211890.0,211890.0,64500.0,0.1121000032416977,0.4057835820895525,0.4617537313432838
27-1025,Interior Designers,252,64290.0,64290.0,67460.0,0.0224827431874672,0.4325581395348863,0.2604651162790712
27-1026,Merchandise Displayers and Window Trimmers,253,173110.0,173110.0,38120.0,0.0130713623182949,0.3200000000000002,0.5359999999999997
27-1027,Set and Exhibit Designers,254,9490.0,9490.0,68490.0,0.0734087707795445,0.4373219373219371,0.4088319088319089
27-1029,"Designers, All Other",255,11180.0,11180.0,76430.0,,,
27-2011,Actors,256,54160.0,54160.0,,1.061917474738287,0.2638109305760708,0.6574101427868045
27-2012,Producers and Directors,257,153770.0,153770.0,110660.0,0.1893778972674566,0.31032578685809026,0.39922694643843326
27-2021,Athletes and Sports Competitors,258,11930.0,11930.0,358080.0,0.0,0.0,0.0
27-2022,Coaches and Scouts,259,218970.0,218970.0,57450.0,0.019554758028169,0.5026737967914463,0.0
27-2023,"Umpires, Referees, and Other Sports Officials",260,12720.0,12720.0,49030.0,0.0018822761738344,0.0,0.0
27-2031,Dancers,261,8930.0,8930.0,,0.0,0.0,0.0
27-2032,Choreographers,262,5400.0,5400.0,58740.0,0.0860618495036541,0.3730255164034028,0.528554070473877
27-2041,Music Directors and Composers,263,11690.0,11690.0,95430.0,0.1730648370942253,0.5371601208459222,0.3661631419939578
27-2042,Musicians and Singers,264,31750.0,31750.0,,0.076232185040296,0.4115226337448563,0.39643347050754485
27-2099,"Entertainers and Performers, Sports and Related Workers, All Other (#)",265,17280.0,17280.0,,,,
27-3011,Radio and Television Announcers,266,26820.0,26820.0,155730.0,0.0268747209264142,0.2996108949416368,0.2918287937743217
27-3012,Public Address System and Other Announcers,267,11890.0,11890.0,113840.0,0.0041828359418543,0.0,0.525
27-3021,Broadcast News Analysts,268,22265.0,22265.0,86290.0,0.0631608227220013,0.4370860927152327,0.4155629139072856
27-3022,Reporters and Correspondents,268,22265.0,22265.0,86290.0,0.2039132521654018,0.4933333333333332,0.40974358974358993
27-3031,Public Relations Specialists,269,264750.0,264750.0,78540.0,0.4067807953453405,0.5997429305912597,0.3624678663239075
27-3041,Editors,270,101430.0,101430.0,84820.0,0.8534031030368445,0.631172650410489,0.3521627251562307
27-3042,Technical Writers,271,48620.0,48620.0,86760.0,1.377303304754109,0.5871991496469515,0.3863032419709969
27-3043,Writers and Authors,272,54010.0,54010.0,91560.0,1.6804543396400058,0.5144990665836963,0.4492843808338519
27-3091,Interpreters and Translators,273,52160.0,52160.0,61730.0,0.9079891120780442,0.3585166417136933,0.5915006334216287
27-3099,"Media and Communication Workers, All Other",267,11890.0,11890.0,113840.0,,,
27-4011,Audio and Video Equipment Technicians,274,56110.0,56110.0,57710.0,0.0541677254470141,0.41988416988416993,0.2895752895752905
27-4012,Broadcast Technicians,275,33020.0,33020.0,84860.0,0.039841512346163,0.5170603674540684,0.3464566929133859
27-4013,Radio Operators,276,620.0,620.0,50140.0,0.0115027988400995,0.41818181818181804,0.3727272727272724
27-4014,Sound Engineering Technicians,277,13420.0,13420.0,75590.0,0.0076336755938841,0.0,0.3013698630137028
27-4021,Photographers,278,47380.0,47380.0,50210.0,0.0717356364028026,0.4271137026239077,0.3848396501457733
27-4031,"Camera Operators, Television, Video, and Motion Picture",279,22970.0,22970.0,69940.0,0.0036599814491225,0.0,0.5142857142857142
27-4032,Film and Video Editors,280,32080.0,32080.0,80990.0,0.0614876883452593,0.2585034013605453,0.4557823129251719
27-4099,"Media and Communication Equipment Workers, All Other (#)",281,22840.0,22840.0,74314.26444833625,,,
29-1011,Chiropractors,282,37740.0,37740.0,83720.0,0.02039132521654,0.5538461538461582,0.092307692307693
29-1021,"Dentists, General",283,120740.0,120740.0,172290.0,0.0398415123461629,0.6062992125984272,0.162729658792651
29-1022,Oral and Maxillofacial Surgeons,284,4290.0,4290.0,309410.0,0.0015685634781953,0.0,0.0
29-1023,Orthodontists,285,6310.0,6310.0,216320.0,0.0039736941447616,0.0,0.0
29-1024,Prosthodontists,286,,65840.0,,0.0020914179709271,0.0,0.0
29-1029,"Dentists, All Other Specialists",287,5250.0,5250.0,233430.0,,,
29-1031,Dietitians and Nutritionists,288,69880.0,69880.0,69350.0,0.404898519171506,0.7365702479338843,0.2316632231404957
29-1041,Optometrists,289,40640.0,40640.0,133100.0,0.012234795129924,0.6324786324786318,0.23076923076923156
29-1051,Pharmacists,290,325480.0,325480.0,129410.0,0.1508958066023973,0.8080388080388083,0.0866250866250866
29-1061,Anesthesiologists,291,37430.0,37430.0,302970.0,0.003241697854937,0.0,0.0
29-1062,Family and General Practitioners,292,100940.0,100940.0,224460.0,0.028974853138887,0.5503759398496239,0.2399999999999999
29-1063,"Internists, General",293,67220.0,67220.0,225270.0,0.0289225676896139,0.5676408556794219,0.1771617957216036
29-1064,Obstetricians and Gynecologists,294,21450.0,21450.0,277320.0,0.0367653850805909,0.660820099549656,0.1393695188433281
29-1065,"Pediatricians, General",295,33430.0,33430.0,203240.0,0.0366782426651354,0.6248515086718944,0.0270848182466145
29-1066,Psychiatrists,296,26500.0,26500.0,247350.0,0.0387958033606995,0.6765498652291105,0.2048517520215634
29-1067,Surgeons (#),297,45750.0,45750.0,357930.32349726773,0.0041828359418543,0.0,0.0
29-1069,"Physicians and Surgeons, All Other (#)",298,428520.0,428520.0,261431.22258004293,0.43229609459065027,0.626511852926948,0.2218190614417034
29-1071,Physician Assistants,299,140910.0,140910.0,125270.0,0.042769497505460996,0.6723716381418117,0.17603911980440182
29-1081,Podiatrists,300,9320.0,9320.0,157970.0,0.0,0.0,0.0
29-1122,Occupational Therapists,301,134980.0,134980.0,92800.0,0.0536448709542822,0.49707602339181534,0.23001949317738932
29-1123,Physical Therapists,302,229740.0,229740.0,97960.0,0.0501940313022524,0.6562500000000018,0.1354166666666666
29-1124,Radiation Therapists,303,15510.0,15510.0,98340.0,0.0042874068404006,0.0,0.0
29-1125,Recreational Therapists,304,15920.0,15920.0,56310.0,0.1699277101378342,0.5138461538461543,0.23753846153846195
29-1126,Respiratory Therapists,305,129910.0,129910.0,74310.0,0.0361815308970404,0.7369942196531807,0.11271676300578051
29-1127,Speech-Language Pathologists,306,162760.0,162760.0,89460.0,0.0141170713037583,0.2962962962962978,0.0
29-1128,Exercise Physiologists,307,6580.0,6580.0,55820.0,0.1155508428937275,0.6633484162895928,0.2244343891402717
29-1129,"Therapists, All Other",308,16920.0,16920.0,71860.0,,,
29-1131,Veterinarians,309,78810.0,78810.0,129110.0,0.0327306912450106,0.6613418530351437,0.2555910543130989
29-1141,Registered Nurses,310,3072700.0,3072700.0,89010.0,0.3679849919846395,0.6018755328218254,0.2648479681727769
29-1151,Nurse Anesthetists,311,46540.0,46540.0,205770.0,0.0,0.0,0.0
29-1161,Nurse Midwives,312,7950.0,7950.0,122450.0,0.0676573713594944,0.5162287480680066,0.2874806800618242
29-1171,Nurse Practitioners,313,258230.0,258230.0,124680.0,0.1548695007471589,0.6617150573936533,0.24105334233625952
29-1181,Audiologists,314,13940.0,13940.0,89490.0,0.0096205226662648,0.4565217391304394,0.0
29-1199,"Health Diagnosing and Treating Practitioners, All Other (#)",315,37880.0,37880.0,115400.17951425555,0.1244393692701678,0.6873949579831938,0.17058823529411737
29-2011,Medical and Clinical Laboratory Technologists,316,166800.0,166800.0,59130.0,0.1149234175024489,0.45677888989991056,0.2511373976342137
29-2012,Medical and Clinical Laboratory Technicians,317,166800.0,166800.0,59130.0,0.1013292006914228,0.4664602683178535,0.4891640866873064
29-2021,Dental Hygienists,318,214700.0,214700.0,84860.0,0.0097250935648113,0.7526881720430108,0.21505376344086016
29-2031,Cardiovascular Technologists and Technicians,319,55750.0,55750.0,65490.0,0.0303255605784443,0.513793103448275,0.4034482758620704
29-2032,Diagnostic Medical Sonographers,320,81080.0,81080.0,84410.0,0.0016731343767417,0.0,0.0
29-2033,Nuclear Medicine Technologists,321,16910.0,16910.0,89610.0,0.0458020535633055,0.4885844748858448,0.3972602739726039
29-2034,Radiologic Technologists,322,215820.0,215820.0,70240.0,0.0076336755938841,0.3561643835616441,0.0
29-2035,Magnetic Resonance Imaging Technologists,323,38380.0,38380.0,81530.0,0.0175679109557884,0.6190476190476187,0.303571428571429
29-2041,Emergency Medical Technicians and Paramedics (#),324,263160.0,263160.0,44994.27268581851,0.0024051306665662,0.0,0.0
29-2051,Dietetic Technicians,325,19690.0,19690.0,36370.0,0.0729904871853591,0.4656160458452726,0.3595988538681953
29-2052,Pharmacy Technicians,326,453630.0,453630.0,40260.0,0.0176724818543347,0.2130177514792909,0.218934911242603
29-2053,Psychiatric Technicians,327,100950.0,100950.0,40760.0,0.0,0.0,0.0
29-2054,Respiratory Therapy Technicians,328,82995.0,82995.0,52294.57919151756,0.0,0.0,0.0
29-2055,Surgical Technologists,329,107400.0,107400.0,57500.0,0.0016731343767417,0.0,0.0
29-2056,Veterinary Technologists and Technicians,330,118750.0,118750.0,40770.0,0.0073199628982451,0.4000000000000024,0.0
29-2057,Ophthalmic Medical Technicians,331,66060.0,66060.0,42480.0,0.0,0.0,0.0
29-2061,Licensed Practical and Licensed Vocational Nurses,332,632020.0,632020.0,55860.0,0.0072153919996987,0.2463768115942044,0.0
29-2071,Medical Records and Health Information Technicians (#),333,141500.0,141500.0,56018.6109540636,0.0861664204022002,0.4490291262135921,0.3822815533980584
29-2081,"Opticians, Dispensing",334,73460.0,73460.0,44890.0,0.0,0.0,0.0
29-2091,Orthotists and Prosthetists,335,9150.0,9150.0,78240.0,0.001777705275288,0.0,0.0
29-2092,Hearing Aid Specialists,336,10080.0,10080.0,62480.0,0.001777705275288,0.0,0.0
29-2099,"Health Technologists and Technicians, All Other (#)",328,82995.0,82995.0,52294.57919151756,0.020600467013632603,0.40609137055837585,0.18274111675127128
29-9011,Occupational Health and Safety Specialists,337,109430.0,109430.0,82110.0,0.0,0.0,0.0
29-9012,Occupational Health and Safety Technicians,338,23670.0,23670.0,63230.0,0.0086793845793477,0.3132530120481944,0.2891566265060255
29-9091,Athletic Trainers,339,29720.0,29720.0,57810.0,0.0171496273616029,0.5792682926829268,0.1280487804878048
29-9092,Genetic Counselors,340,3220.0,3220.0,93120.0,0.0938000959960846,0.7458193979933125,0.11371237458193999
29-9099,"Healthcare Practitioners and Technical Workers, All Other (#)",333,141500.0,141500.0,56018.6109540636,0.0681802258522264,0.7223926380368105,0.0797546012269939
31-1011,Home Health Aides,341,1752115.0,1752115.0,30930.0,0.0077382464924305,0.0,0.3108108108108088
31-1013,Psychiatric Aides,342,30590.0,30590.0,38620.0,0.0038691232462151,0.0,0.0
31-1014,Nursing Assistants,343,1310090.0,1310090.0,36220.0,0.0098296644633576,0.2765957446808523,0.0
31-1015,Orderlies,344,44790.0,44790.0,36070.0,0.0,0.0,0.0
31-2011,Occupational Therapy Assistants,345,43810.0,43810.0,66280.0,0.0221690304918282,0.594339622641511,0.2169811320754722
31-2012,Occupational Therapy Aides,346,3710.0,3710.0,43090.0,0.001777705275288,0.0,0.0
31-2021,Physical Therapist Assistants,347,97740.0,97740.0,64510.0,0.0,0.0,0.0
31-2022,Physical Therapist Aides,348,42800.0,42800.0,33210.0,0.0,0.0,0.0
31-9011,Massage Therapists,349,86270.0,86270.0,57060.0,0.0271884336220535,0.6076923076923078,0.0576923076923077
31-9091,Dental Assistants,350,363880.0,363880.0,44710.0,0.0,0.0,0.0
31-9092,Medical Assistants,351,752460.0,752460.0,40700.0,0.0050194031302251,0.3750000000000033,0.0
31-9093,Medical Equipment Preparers,352,63890.0,63890.0,44940.0,0.0,0.0,0.0
31-9094,Medical Transcriptionists,353,48680.0,48680.0,37090.0,0.0833430061414486,0.5219573400250949,0.3751568381430362
31-9095,Pharmacy Aides,354,43230.0,43230.0,35870.0,0.0220644595932817,0.7109004739336544,0.0
31-9096,Veterinary Assistants and Laboratory Animal Caretakers,355,111880.0,111880.0,34490.0,0.0372272398825041,0.5196629213483147,0.2696629213483145
31-9097,Phlebotomists,356,137090.0,137090.0,40580.0,0.0049148322316788,0.0,0.5106382978723404
31-9099,"Healthcare Support Workers, All Other",357,107170.0,107170.0,43490.0,0.0255152992453117,0.4713114754098389,0.327868852459017
33-1011,First-Line Supervisors of Correctional Officers,358,55900.0,55900.0,70190.0,0.0016731343767417,0.0,0.0
33-1012,First-Line Supervisors of Police and Detectives,359,131860.0,131860.0,99410.0,0.0023005597680198,0.0,0.0
33-1021,First-Line Supervisors of Fire Fighting and Prevention Workers,360,84040.0,84040.0,84810.0,0.0041828359418542,0.0,0.0
33-1099,"First-Line Supervisors of Protective Service Workers, All Other (#)",361,82860.0,82860.0,57279.48587979725,,,
33-2011,Firefighters,362,321450.0,321450.0,56310.0,0.0020914179709271,0.0,0.0
33-2021,Fire Inspectors and Investigators,363,14510.0,14510.0,76910.0,0.0,0.0,0.0
33-2022,Forest Fire Inspectors and Prevention Specialists,364,2290.0,2290.0,56780.0,0.0,0.0,0.0
33-3011,Bailiffs,365,16470.0,16470.0,54680.0,0.0,0.0,0.0
33-3012,Correctional Officers and Jailers,366,363250.0,363250.0,54760.0,0.3419468382465975,0.3330275229357797,0.5972477064220183
33-3021,Detectives and Criminal Investigators,367,107400.0,107400.0,91610.0,0.1274719253280118,0.4290401968826929,0.21328958162428327
33-3031,Fish and Game Wardens,368,6530.0,6530.0,59860.0,0.0093068099706259,0.449438202247191,0.2134831460674156
33-3041,Parking Enforcement Workers,369,8150.0,8150.0,44670.0,0.0019868470723808,0.0,0.0
33-3051,Police and Sheriff's Patrol Officers,370,655890.0,655890.0,71380.0,0.0628471100263622,0.5524126455906828,0.3161397670549087
33-3052,Transit and Railroad Police,371,3370.0,3370.0,76380.0,0.001777705275288,0.0,0.0
33-9011,Animal Control Workers,372,11490.0,11490.0,43780.0,0.0051239740287716,0.0,0.0
33-9021,Private Detectives and Investigators,373,32050.0,32050.0,59400.0,0.0094113808691722,0.2333333333333299,0.4000000000000028
33-9031,Gaming Surveillance Officers and Gaming Investigators,374,10500.0,10500.0,39290.0,0.0,0.0,0.0
33-9032,Security Guards,375,1124890.0,1124890.0,36700.0,0.0064833957098742,0.2419354838709664,0.3225806451612924
33-9091,Crossing Guards,376,91270.0,91270.0,37490.0,0.0030325560578443,0.0,0.6551724137931034
33-9092,"Lifeguards, Ski Patrol, and Other Recreational Protective Service Workers",377,107930.0,107930.0,28370.0,0.0020914179709271,0.0,0.0
33-9093,Transportation Security Screeners,378,47550.0,47550.0,48520.0,0.0063788248113279,0.3278688524590163,0.3770491803278688
33-9099,"Protective Service Workers, All Other (#)",379,157940.0,157940.0,38306.45055084209,0.0226918849845599,0.2811059907834107,0.4147465437788022
35-1011,Chefs and Head Cooks,380,160190.0,160190.0,60210.0,0.0225873140860133,0.1666666666666676,0.0787037037037038
35-1012,First-Line Supervisors of Food Preparation and Serving Workers,381,1169620.0,1169620.0,41020.0,0.0033462687534833,0.0,0.0
35-2011,"Cooks, Fast Food",382,725590.0,725590.0,27920.0,0.0333581166362886,0.4200626959247659,0.3730407523510984
35-2012,"Cooks, Institution and Cafeteria",383,417780.0,417780.0,33670.0,0.0037645523476688,0.0,0.0
35-2013,"Cooks, Private Household",384,610.0,610.0,45510.0,0.0063788248113278,0.0,0.0
35-2014,"Cooks, Restaurant",385,1321480.0,1321480.0,33940.0,0.0861664204022005,0.5388349514563107,0.4004854368932038
35-2015,"Cooks, Short Order",386,133290.0,133290.0,30770.0,0.0048102613331324,0.0,0.43478260869565205
35-2019,"Cooks, All Other",387,18590.0,18590.0,35120.0,,,
35-2021,Food Preparation Workers,388,904330.0,904330.0,30720.0,0.02269188498456,0.5898617511520736,0.1658986175115206
35-3011,Bartenders,389,613070.0,613070.0,34490.0,0.0159993474775928,0.281045751633989,0.1895424836601321
35-3021,"Combined Food Preparation and Serving Workers, Including Fast Food",390,1662525.0,1662525.0,28130.0,0.008156530086616,0.2051282051282054,0.2307692307692303
35-3022,"Counter Attendants, Cafeteria, Food Concession, and Coffee Shop",390,1662525.0,1662525.0,28130.0,0.0104570898546357,0.0,0.0
35-3031,Waiters and Waitresses,391,2122210.0,2122210.0,33020.0,0.0110845152459139,0.4245283018867938,0.0
35-3041,"Food Servers, Nonrestaurant",392,248870.0,248870.0,31940.0,0.0069016793040597,0.303030303030303,0.3636363636363636
35-9011,Dining Room and Cafeteria Attendants and Bartender Helpers,393,439770.0,439770.0,30290.0,0.0,0.0,0.0
35-9021,Dishwashers,394,431840.0,431840.0,29560.0,0.0,0.0,0.0
35-9031,"Hosts and Hostesses, Restaurant, Lounge, and Coffee Shop",395,400420.0,400420.0,28380.0,0.2739757541914633,0.5946564885496182,0.3912213740458015
35-9099,"Food Preparation and Serving Related Workers, All Other",396,81930.0,81930.0,31990.0,,,
37-1011,First-Line Supervisors of Housekeeping and Janitorial Workers,397,165750.0,165750.0,47430.0,0.0738270543737299,0.5934844192634566,0.3116147308781875
37-1012,"First-Line Supervisors of Landscaping, Lawn Service, and Groundskeeping Workers",398,122910.0,122910.0,55770.0,0.0713173528086175,0.4882697947214076,0.1935483870967742
37-2011,"Janitors and Cleaners, Except Maids and Housekeeping Cleaners",399,2148350.0,2148350.0,33960.0,0.0,0.0,0.0
37-2012,Maids and Housekeeping Cleaners,400,771390.0,771390.0,31920.0,0.006692537506967,0.359375,0.359375
37-2019,"Building Cleaning Workers, All Other",401,15630.0,15630.0,41360.0,,,
37-2021,Pest Control Workers,402,91160.0,91160.0,42210.0,0.0020914179709271,0.0,0.0
37-3011,Landscaping and Groundskeeping Workers,403,914230.0,914230.0,37270.0,0.0023005597680198,0.7727272727272727,0.0
37-3012,"Pesticide Handlers, Sprayers, and Applicators, Vegetation",404,22740.0,22740.0,42560.0,0.0,0.0,0.0
37-3013,Tree Trimmers and Pruners,405,48150.0,48150.0,49820.0,0.0124439369270168,0.6554621848739495,0.1428571428571428
37-3019,"Grounds Maintenance Workers, All Other",406,16050.0,16050.0,43750.0,,,
39-1011,Gaming Supervisors,407,10950.0,10950.0,56400.0,0.0234238812743846,0.0,0.0
39-1012,Slot Supervisors,407,10950.0,10950.0,56400.0,0.0,0.0,0.0
39-1021,First-Line Supervisors of Personal Service Workers (#),408,91770.0,91770.0,47889.97602702408,0.17431968787678181,0.4715056988602282,0.2915416916616677
39-2011,Animal Trainers,409,17710.0,17710.0,41820.0,0.0015685634781953,0.0,0.0
39-2021,Nonfarm Animal Caretakers,410,256670.0,256670.0,32160.0,0.0035554105505761,0.7941176470588235,0.0
39-3011,Gaming Dealers,411,71290.0,71290.0,34350.0,0.0,0.0,0.0
39-3012,Gaming and Sports Book Writers and Runners,412,7910.0,7910.0,32310.0,0.0,0.0,0.0
39-3019,"Gaming Service Workers, All Other",413,12260.0,12260.0,34340.0,,,
39-3021,Motion Picture Projectionists,414,1900.0,1900.0,35710.0,0.0,0.0,0.0
39-3031,"Ushers, Lobby Attendants, and Ticket Takers",415,98350.0,98350.0,28700.0,0.0155810638834076,0.4899328859060406,0.2751677852348996
39-3091,Amusement and Recreation Attendants,416,324580.0,324580.0,28350.0,0.0187181908397983,0.5251396648044692,0.3854748603351955
39-3092,Costume Attendants,417,5730.0,5730.0,55070.0,0.0161039183761392,0.2727272727272701,0.1168831168831176
39-3093,"Locker Room, Coatroom, and Dressing Room Attendants",418,12130.0,12130.0,32560.0,0.0158947765790467,0.5723684210526315,0.2171052631578947
39-3099,"Entertainment Attendants and Related Workers, All Other",419,4930.0,4930.0,30810.0,,,
39-4011,Embalmers,420,3950.0,3950.0,54120.0,0.0,0.0,0.0
39-4021,Funeral Attendants,421,32950.0,32950.0,34340.0,0.0064833957098742,0.5161290322580645,0.0
39-4031,"Morticians, Undertakers, and Funeral Directors",422,23940.0,23940.0,58430.0,0.0194501871296229,0.3440860215053771,0.22043010752688216
39-5011,Barbers,423,12690.0,12690.0,39350.0,0.0089930972749867,0.3953488372093048,0.2558139534883737
39-5012,"Hairdressers, Hairstylists, and Cosmetologists",424,298050.0,298050.0,38910.0,0.0074245337967914,0.0,0.0
39-5091,"Makeup Artists, Theatrical and Performance",425,2970.0,2970.0,93850.0,0.0365998144912257,0.3142857142857144,0.23142857142857232
39-5092,Manicurists and Pedicurists,426,138020.0,138020.0,33560.0,0.0027188433622053,0.0,0.0
39-5093,Shampooers,427,7480.0,7480.0,27870.0,0.0064833957098742,0.6451612903225806,0.0
39-5094,Skincare Specialists,428,61990.0,61990.0,47790.0,0.0077382464924305,0.5135135135135191,0.0
39-6011,Baggage Porters and Bellhops,429,26520.0,26520.0,33130.0,0.0203913252165402,0.6205128205128205,0.3692307692307691
39-6012,Concierges,430,37600.0,37600.0,38270.0,0.0499848895051599,0.506276150627615,0.4121338912133898
39-7011,Tour Guides and Escorts,431,20590.0,20590.0,37790.0,0.0679710840551339,0.1353846153846153,0.1123076923076922
39-7012,Travel Guides,432,20590.0,20590.0,37790.0,0.0485208969255109,0.4870689655172415,0.3922413793103448
39-9011,Childcare Workers,433,459460.0,459460.0,29570.0,0.0376455234766892,0.369444444444445,0.4166666666666665
39-9021,Personal Care Aides,434,1752115.0,1752115.0,30930.0,0.0429786393025538,0.4452554744525556,0.4525547445255472
39-9031,Fitness Trainers and Aerobics Instructors,435,250540.0,250540.0,50170.0,0.0142216422023046,0.6985294117647077,0.0
39-9032,Recreation Workers,436,270380.0,270380.0,34170.0,0.0018822761738344,0.0,0.0
39-9041,Residential Advisors,437,86770.0,86770.0,37530.0,0.0410963631287193,0.2926208651399491,0.2061068702290077
39-9099,"Personal Care and Service Workers, All Other (#)",438,62240.0,62240.0,34029.10347043702,,,
41-1011,First-Line Supervisors of Retail Sales Workers,439,1097160.0,1097160.0,50130.0,0.0394232287519775,0.5039787798408502,0.2228116710875336
41-1012,First-Line Supervisors of Non-Retail Sales Workers,440,237520.0,237520.0,96890.0,0.0143262131008512,0.37226277372262834,0.0
41-2011,Cashiers,441,3296040.0,3296040.0,28730.0,0.2594403992935192,0.4429665457476823,0.1322047561467149
41-2012,Gaming Change Persons and Booth Cashiers,442,18800.0,18800.0,32950.0,0.0,0.0,0.0
41-2021,Counter and Rental Clerks,443,370770.0,370770.0,39320.0,0.1659540159930732,0.5702583490863262,0.38563327032136113
41-2022,Parts Salespersons,444,259280.0,259280.0,39250.0,0.0333581166362887,0.5141065830721014,0.2946708463949851
41-2031,Retail Salespersons,445,3640040.0,3640040.0,34730.0,0.1227662348934266,0.4548551959114137,0.1328790459965927
41-3011,Advertising Sales Agents,446,106560.0,106560.0,73260.0,0.0626379682292693,0.5025041736227065,0.2504173622704519
41-3021,Insurance Sales Agents,447,445540.0,445540.0,76950.0,0.0430832102011001,0.5995145631067976,0.1747572815533985
41-3031,"Securities, Commodities, and Financial Services Sales Agents",448,443220.0,443220.0,100740.0,0.45477883777811856,0.5895608185789843,0.3035180501264658
41-3041,Travel Agents,449,53180.0,53180.0,48250.0,0.0172541982601492,0.4242424242424245,0.4000000000000001
41-3099,"Sales Representatives, Services, All Other",450,1075750.0,1075750.0,77390.0,0.0093068099706258,0.0,0.0
41-4011,"Sales Representatives, Wholesale and Manufacturing, Technical and Scientific Products",451,290830.0,290830.0,109950.0,0.2398856412653494,0.6259808195292075,0.19354838709677435
41-4012,"Sales Representatives, Wholesale and Manufacturing, Except Technical and Scientific Products",452,1273400.0,1273400.0,76890.0,0.1214068132123237,0.6184323858742478,0.2489233419465979
41-9011,Demonstrators and Product Promoters,453,43410.0,43410.0,38470.0,0.0714219237071636,0.5329428989751103,0.3367496339677892
41-9012,Models,454,2070.0,2070.0,77310.0,0.0037645523476688,0.0,0.0
41-9021,Real Estate Brokers,455,52310.0,52310.0,90930.0,0.0678665131565871,0.4822804314329753,0.23728813559322057
41-9022,Real Estate Sales Agents,456,193010.0,193010.0,65850.0,0.1496409558198407,0.5283018867924536,0.2948986722571631
41-9031,Sales Engineers,457,59700.0,59700.0,125460.0,0.0758139014461105,0.5158620689655182,0.200000000000001
41-9041,Telemarketers,458,96520.0,96520.0,33600.0,0.0408872213316267,0.6163682864450128,0.2404092071611253
41-9091,"Door-to-Door Sales Workers, News and Street Vendors, and Related Workers",459,8640.0,8640.0,36280.0,0.0196593289267155,0.45744680851063835,0.0904255319148935
41-9099,"Sales and Related Workers, All Other",460,119490.0,119490.0,56440.0,,,
43-1011,First-Line Supervisors of Office and Administrative Support Workers,461,1495440.0,1495440.0,65510.0,0.1457718325736255,0.3809182209469153,0.43974175035868074
43-2011,"Switchboard Operators, Including Answering Service",462,47430.0,47430.0,37230.0,0.2760671721623906,0.524621212121212,0.4530303030303031
43-2021,Telephone Operators,463,4030.0,4030.0,41590.0,0.0057513994200497,0.0,0.0
43-2099,"Communications Equipment Operators, All Other",276,620.0,620.0,50140.0,,,
43-3011,Bill and Account Collectors,464,202840.0,202840.0,42820.0,0.0201821834194471,0.2746113989637317,0.1968911917098443
43-3021,Billing and Posting Clerks,465,441980.0,441980.0,44800.0,0.0304301314769905,0.2920962199312725,0.2646048109965646
43-3031,"Bookkeeping, Accounting, and Auditing Clerks",466,1550750.0,1550750.0,47440.0,0.1153417010966346,0.3472348141432465,0.4116047144152319
43-3041,Gaming Cage Workers,467,11730.0,11730.0,33370.0,0.0117119406371922,0.3571428571428599,0.2767857142857164
43-3051,Payroll and Timekeeping Clerks,468,159190.0,159190.0,52300.0,0.0170450564630565,0.4294478527607369,0.1779141104294481
43-3061,Procurement Clerks,469,63340.0,63340.0,46560.0,0.0088885263764403,0.0,0.2000000000000014
43-3071,Tellers,470,352440.0,352440.0,36800.0,0.0118165115357385,0.1769911504424783,0.1858407079646012
43-3099,"Financial Clerks, All Other",471,41850.0,41850.0,49710.0,,,
43-4011,Brokerage Clerks,472,42700.0,42700.0,59200.0,0.0088885263764404,0.1882352941176474,0.2705882352941181
43-4021,Correspondence Clerks,473,4970.0,4970.0,42560.0,0.2925893741327153,0.5110793423874196,0.45282344531808416
43-4031,"Court, Municipal, and License Clerks",474,159760.0,159760.0,46280.0,0.117537689966108,0.5293594306049828,0.22864768683273973
43-4041,"Credit Authorizers, Checkers, and Clerks",475,16290.0,16290.0,46180.0,0.0495666059109744,0.46202531645569683,0.37974683544303844
43-4051,Customer Service Representatives,476,2879840.0,2879840.0,41190.0,0.1447261235881619,0.5252890173410407,0.26589595375722563
43-4061,"Eligibility Interviewers, Government Programs",477,149760.0,149760.0,50020.0,0.0523900201717261,0.6387225548902209,0.1417165668662674
43-4071,File Clerks,478,87250.0,87250.0,39560.0,0.0825064389530779,0.6349809885931565,0.1875792141951837
43-4081,"Hotel, Motel, and Resort Desk Clerks",479,243180.0,243180.0,30300.0,0.0154764929848611,0.3175675675675699,0.2702702702702703
43-4111,"Interviewers, Except Eligibility and Loan",480,168680.0,168680.0,41140.0,0.1914693152383849,0.34789732386673966,0.4937192790824691
43-4121,"Library Assistants, Clerical",481,77660.0,77660.0,33980.0,0.1245439401687147,0.5197313182199834,0.3828715365239295
43-4131,Loan Interviewers and Clerks,482,242630.0,242630.0,46740.0,0.0240513066656626,0.4304347826086968,0.334782608695653
43-4141,New Accounts Clerks,483,45170.0,45170.0,42880.0,0.0016731343767417,0.0,0.0
43-4151,Order Clerks,484,113500.0,113500.0,40540.0,0.0126530787241094,0.23966942148760512,0.2231404958677703
43-4161,"Human Resources Assistants, Except Payroll and Timekeeping",485,103680.0,103680.0,46900.0,0.0733041998809981,0.5206847360912983,0.3309557774607702
43-4171,Receptionists and Information Clerks,486,1011170.0,1011170.0,34600.0,0.1616666091526722,0.4282018111254852,0.439197930142303
43-4181,Reservation and Transportation Ticket Agents and Travel Clerks,487,119130.0,119130.0,45440.0,0.1182696862559329,0.5614500442086653,0.2873563218390808
43-4199,"Information and Record Clerks, All Other",488,150590.0,150590.0,45910.0,,,
43-5011,Cargo and Freight Agents,489,93480.0,93480.0,49740.0,0.0511351693891694,0.34764826175869296,0.16768916155419314
43-5021,Couriers and Messengers,490,75800.0,75800.0,36250.0,0.0123393660284704,0.5508474576271186,0.3305084745762711
43-5031,"Police, Fire, and Ambulance Dispatchers",491,95730.0,95730.0,49370.0,0.0269792918249607,0.2790697674418618,0.3565891472868226
43-5032,"Dispatchers, Except Police, Fire, and Ambulance",492,206370.0,206370.0,48350.0,0.0030325560578443,0.6551724137931034,0.0
43-5041,"Meter Readers, Utilities",493,20460.0,20460.0,49800.0,0.0,0.0,0.0
43-5051,Postal Service Clerks,494,77690.0,77690.0,56400.0,0.0020914179709271,0.0,0.0
43-5052,Postal Service Mail Carriers,495,326760.0,326760.0,56240.0,0.0,0.0,0.0
43-5053,"Postal Service Mail Sorters, Processors, and Processing Machine Operators",496,119530.0,119530.0,52990.0,0.0,0.0,0.0
43-5061,"Production, Planning, and Expediting Clerks",497,389920.0,389920.0,55080.0,0.0257244410424045,0.2886178861788622,0.4918699186991871
43-5071,"Shipping, Receiving, and Traffic Clerks",498,848240.0,848240.0,40450.0,0.0064833957098742,0.5483870967741935,0.3709677419354839
43-5081,Stock Clerks and Order Fillers,499,2842060.0,2842060.0,35550.0,0.0065879666084205,0.31746031746031644,0.0
43-5111,"Weighers, Measurers, Checkers, and Samplers, Recordkeeping",500,52610.0,52610.0,41470.0,0.0284432844046098,0.5882352941176472,0.2573529411764707
43-6011,Executive Secretaries and Executive Administrative Assistants,501,475240.0,475240.0,71060.0,0.1947110130933222,0.46616541353383456,0.46777658431793795
43-6012,Legal Secretaries,502,159940.0,159940.0,54180.0,0.0184044781441591,0.1306818181818183,0.3977272727272727
43-6013,Medical Secretaries,503,682630.0,682630.0,41260.0,0.0508214566935306,0.24485596707818946,0.37860082304526715
43-6014,"Secretaries and Administrative Assistants, Except Legal, Medical, and Executive",504,1826710.0,1826710.0,43410.0,0.5728393822369601,0.47991967871485935,0.3797006206644762
43-9011,Computer Operators,33,622088.75,622088.75,111925.64246259075,0.5142796790509987,0.5323302155347702,0.3920292801952012
43-9021,Data Entry Keyers,505,157380.0,157380.0,37970.0,0.0106662316517286,0.0,0.4215686274509808
43-9022,Word Processors and Typists,506,41990.0,41990.0,44990.0,0.3967419890848898,0.4807590933052189,0.4786505007907221
43-9031,Desktop Publishers,507,6560.0,6560.0,53390.0,0.1866590539052524,0.4296918767507003,0.5030812324929975
43-9041,Insurance Claims and Policy Processing Clerks,508,227580.0,227580.0,47840.0,0.08752584208330269,0.31899641577061066,0.31063321385902126
43-9051,"Mail Clerks and Mail Machine Operators, Except Postal Service",509,67750.0,67750.0,36210.0,0.0,0.0,0.0
43-9061,"Office Clerks, General",510,2517350.0,2517350.0,41140.0,0.8338483450086751,0.579633809882117,0.3088788562829195
43-9071,"Office Machine Operators, Except Computer",511,30410.0,30410.0,38300.0,0.0421420721141829,0.4342431761786608,0.4813895781637724
43-9081,Proofreaders and Copy Markers,512,5120.0,5120.0,48770.0,0.0340901129261132,0.4662576687116566,0.4079754601226992
43-9111,Statistical Assistants,513,6710.0,6710.0,54630.0,1.8628259867048582,0.5470977882564275,0.40619737285281243
43-9199,"Office and Administrative Support Workers, All Other",514,174590.0,174590.0,43150.0,,,
45-1011,"First-Line Supervisors of Farming, Fishing, and Forestry Workers",515,27670.0,27670.0,58820.0,0.0,0.0,0.0
45-2011,Agricultural Inspectors,516,14000.0,14000.0,49020.0,0.0246787320569407,0.3813559322033915,0.1483050847457633
45-2021,Animal Breeders,517,1270.0,1270.0,48650.0,0.0020914179709271,0.0,0.0
45-2041,"Graders and Sorters, Agricultural Products",518,23280.0,23280.0,32990.0,0.0,0.0,0.0
45-2091,Agricultural Equipment Operators,519,28830.0,28830.0,39750.0,0.0,0.0,0.0
45-2092,"Farmworkers and Laborers, Crop, Nursery, and Greenhouse",520,284000.0,284000.0,34300.0,0.0675528004609484,0.5696594427244591,0.36996904024767796
45-2093,"Farmworkers, Farm, Ranch, and Aquacultural Animals",521,33020.0,33020.0,36290.0,0.0019868470723808,0.0,0.0
45-2099,"Agricultural Workers, All Other",522,6100.0,6100.0,39180.0,,,
45-3011,Fishers and Related Fishing Workers,523,,65840.0,,0.0,0.0,0.0
45-3021,Hunters and Trappers,523,,65840.0,,0.0,0.0,0.0
45-4011,Forest and Conservation Workers,524,6080.0,6080.0,36010.0,0.0,0.0,0.0
45-4021,Fallers,525,4530.0,4530.0,58130.0,0.0,0.0,0.0
45-4022,Logging Equipment Operators,526,24780.0,24780.0,46570.0,0.0,0.0,0.0
45-4023,Log Graders and Scalers,527,3950.0,3950.0,44570.0,0.0,0.0,0.0
45-4029,"Logging Workers, All Other",528,3490.0,3490.0,47850.0,,,
47-1011,First-Line Supervisors of Construction Trades and Extraction Workers,529,720900.0,720900.0,77650.0,0.0275021463176923,0.30418250950570563,0.18250950570342325
47-2011,Boilermakers,530,13570.0,13570.0,69780.0,0.0,0.0,0.0
47-2021,Brickmasons and Blockmasons,531,55530.0,55530.0,62380.0,0.0,0.0,0.0
47-2022,Stonemasons,532,10220.0,10220.0,56100.0,0.0,0.0,0.0
47-2031,Carpenters,533,689770.0,689770.0,58210.0,0.0149536384921293,0.4825174825174843,0.31468531468531585
47-2041,Carpet Installers,534,17400.0,17400.0,49520.0,0.0,0.0,0.0
47-2042,"Floor Layers, Except Carpet, Wood, and Hard Tiles",535,20710.0,20710.0,54870.0,0.0,0.0,0.0
47-2043,Floor Sanders and Finishers,536,4270.0,4270.0,49330.0,0.0,0.0,0.0
47-2044,Tile and Marble Setters,537,40760.0,40760.0,53680.0,0.0084702427822551,0.6543209876543209,0.2839506172839506
47-2051,Cement Masons and Concrete Finishers,538,196730.0,196730.0,53890.0,0.0141170713037585,0.711111111111111,0.2444444444444444
47-2053,Terrazzo Workers and Finishers,539,1460.0,1460.0,61680.0,0.0,0.0,0.0
47-2061,Construction Laborers,540,1012780.0,1012780.0,46350.0,0.0,0.0,0.0
47-2071,"Paving, Surfacing, and Tamping Equipment Operators",541,41470.0,41470.0,52730.0,0.0,0.0,0.0
47-2072,Pile Driver Operators,542,3290.0,3290.0,70220.0,0.0,0.0,0.0
47-2073,Operating Engineers and Other Construction Equipment Operators,543,423040.0,423040.0,59420.0,0.0,0.0,0.0
47-2081,Drywall and Ceiling Tile Installers,544,91590.0,91590.0,57880.0,0.0191364744339837,0.595628415300547,0.24043715846994557
47-2082,Tapers,545,14290.0,14290.0,65880.0,0.0,0.0,0.0
47-2111,Electricians,546,690050.0,690050.0,65280.0,0.0069016793040597,0.2272727272727272,0.0
47-2121,Glaziers,547,51630.0,51630.0,55160.0,0.0049148322316787,0.0,0.0
47-2131,"Insulation Workers, Floor, Ceiling, and Wall",548,33130.0,33130.0,48870.0,0.0,0.0,0.0
47-2132,"Insulation Workers, Mechanical",549,25660.0,25660.0,59100.0,0.0,0.0,0.0
47-2141,"Painters, Construction and Maintenance",550,215680.0,215680.0,49350.0,0.0042874068404006,0.0,0.0
47-2142,Paperhangers,551,2220.0,2220.0,49030.0,0.0,0.0,0.0
47-2151,Pipelayers,552,36070.0,36070.0,51230.0,0.0,0.0,0.0
47-2152,"Plumbers, Pipefitters, and Steamfitters",553,427920.0,427920.0,65190.0,0.043919777389470796,0.49285714285714316,0.2619047619047625
47-2161,Plasterers and Stucco Masons,554,25950.0,25950.0,55650.0,0.0,0.0,0.0
47-2171,Reinforcing Iron and Rebar Workers,555,17270.0,17270.0,57780.0,0.0,0.0,0.0
47-2181,Roofers,556,131980.0,131980.0,51910.0,0.001777705275288,0.0,0.0
47-2211,Sheet Metal Workers,557,120810.0,120810.0,61300.0,0.0044965486374933,0.48837209302325574,0.0
47-2221,Structural Iron and Steel Workers,558,66810.0,66810.0,64800.0,0.0,0.0,0.0
47-2231,Solar Photovoltaic Installers,559,27760.0,27760.0,47970.0,0.0191364744339835,0.3224043715847016,0.0
47-3011,"Helpers--Brickmasons, Blockmasons, Stonemasons, and Tile and Marble Setters",560,17730.0,17730.0,44230.0,0.0021959888694735,0.0,0.0
47-3012,Helpers--Carpenters,561,24580.0,24580.0,38880.0,0.0,0.0,0.0
47-3013,Helpers--Electricians,562,71000.0,71000.0,38840.0,0.0,0.0,0.0
47-3014,"Helpers--Painters, Paperhangers, Plasterers, and Stucco Masons",563,8630.0,8630.0,38040.0,0.0,0.0,0.0
47-3015,"Helpers--Pipelayers, Plumbers, Pipefitters, and Steamfitters",564,46760.0,46760.0,37590.0,0.0,0.0,0.0
47-3016,Helpers--Roofers,565,5790.0,5790.0,40880.0,0.0,0.0,0.0
47-3019,"Helpers, Construction Trades, All Other",566,27920.0,27920.0,40790.0,,,
47-4011,Construction and Building Inspectors,567,128950.0,128950.0,70130.0,0.025306157448219,0.5165289256198352,0.2603305785123965
47-4021,Elevator Installers and Repairers,568,24380.0,24380.0,93960.0,0.0024051306665662,0.0,0.0
47-4031,Fence Erectors,569,27060.0,27060.0,43780.0,0.0,0.0,0.0
47-4041,Hazardous Materials Removal Workers,570,46780.0,46780.0,51620.0,0.0036599814491225,0.4285714285714285,0.0
47-4051,Highway Maintenance Workers,571,143330.0,143330.0,45790.0,0.0,0.0,0.0
47-4061,Rail-Track Laying and Maintenance Equipment Operators,572,18600.0,18600.0,63840.0,0.0,0.0,0.0
47-4071,Septic Tank Servicers and Sewer Pipe Cleaners,573,27660.0,27660.0,47580.0,0.0037645523476688,0.4722222222222222,0.0
47-4091,Segmental Pavers,574,14940.0,14940.0,48620.0,0.0,0.0,0.0
47-4099,"Construction and Related Workers, All Other",575,14940.0,14940.0,48620.0,0.005228544927318,0.56,0.0
47-5011,"Derrick Operators, Oil and Gas",576,10950.0,10950.0,53770.0,0.0,0.0,0.0
47-5012,"Rotary Drill Operators, Oil and Gas",577,12190.0,12190.0,60450.0,0.0,0.0,0.0
47-5013,"Service Unit Operators, Oil, Gas, and Mining",578,36320.0,36320.0,57170.0,0.0208096088107256,0.678391959798995,0.185929648241206
47-5021,"Earth Drillers, Except Oil and Gas (#)",579,11860.0,11860.0,58105.82209106239,0.0,0.0,0.0
47-5031,"Explosives Workers, Ordnance Handling Experts, and Blasters",579,11860.0,11860.0,58105.82209106239,0.0,0.0,0.0
47-5041,Continuous Mining Machine Operators,580,13500.0,13500.0,57120.0,0.0,0.0,0.0
47-5042,Mine Cutting and Channeling Machine Operators,581,2853.3333333333335,2853.3333333333335,55545.68925233645,0.0,0.0,0.0
47-5049,"Mining Machine Operators, All Other (#)",581,2853.3333333333335,2853.3333333333335,55545.68925233645,,,
47-5051,"Rock Splitters, Quarry",582,3910.0,3910.0,47010.0,0.0,0.0,0.0
47-5061,"Roof Bolters, Mining",583,1700.0,1700.0,63990.0,0.0,0.0,0.0
47-5071,"Roustabouts, Oil and Gas",584,39100.0,39100.0,45750.0,0.0,0.0,0.0
47-5081,Helpers--Extraction Workers,585,6910.0,6910.0,44410.0,0.0,0.0,0.0
47-5099,"Extraction Workers, All Other",581,2853.3333333333335,2853.3333333333335,55545.68925233645,,,
49-1011,"First-Line Supervisors of Mechanics, Installers, and Repairers",586,559050.0,559050.0,76020.0,0.0231101685787453,0.429864253393668,0.2760180995475129
49-2011,"Computer, Automated Teller, and Office Machine Repairers",587,81440.0,81440.0,47120.0,0.1515232319936754,0.5044858523119394,0.404416839199448
49-2021,"Radio, Cellular, and Tower Equipment Installers and Repairers",588,13020.0,13020.0,62570.0,0.0,0.0,0.0
49-2022,"Telecommunications Equipment Installers and Repairers, Except Line Installers",589,168180.0,168180.0,61670.0,0.0107708025502749,0.23300970873786492,0.0
49-2091,Avionics Technicians,590,20200.0,20200.0,74730.0,0.0100388062604503,0.0,0.1562499999999989
49-2092,"Electric Motor, Power Tool, and Related Repairers",591,15390.0,15390.0,51500.0,0.0116073697386458,0.3963963963963984,0.18018018018018112
49-2093,"Electrical and Electronics Installers and Repairers, Transportation Equipment",592,8530.0,8530.0,71740.0,0.0548997217368388,0.533333333333334,0.3371428571428574
49-2094,"Electrical and Electronics Repairers, Commercial and Industrial Equipment",593,51650.0,51650.0,66650.0,0.0157902056805002,0.4437086092715236,0.1788079470198681
49-2095,"Electrical and Electronics Repairers, Powerhouse, Substation, and Relay",594,25440.0,25440.0,88770.0,0.0102479480575432,0.2346938775510217,0.255102040816328
49-2096,"Electronic Equipment Installers and Repairers, Motor Vehicles",595,9450.0,9450.0,45720.0,0.0079473882895232,0.3552631578947396,0.0
49-2097,Electronic Home Entertainment Equipment Installers and Repairers,596,22200.0,22200.0,48450.0,0.0639973899103721,0.6519607843137262,0.24509803921568651
49-2098,Security and Fire Alarm Systems Installers,597,80720.0,80720.0,54280.0,0.0299072769842587,0.5734265734265749,0.3216783216783208
49-3011,Aircraft Mechanics and Service Technicians,598,134070.0,134070.0,72640.0,0.0064833957098742,0.5483870967741935,0.0
49-3021,Automotive Body and Related Repairers,599,138760.0,138760.0,53220.0,0.0,0.0,0.0
49-3022,Automotive Glass Installers and Repairers,600,17370.0,17370.0,43900.0,0.0,0.0,0.0
49-3023,Automotive Service Technicians and Mechanics,601,664070.0,664070.0,49690.0,0.0104570898546358,0.61,0.0
49-3031,Bus and Truck Mechanics and Diesel Engine Specialists,602,271720.0,271720.0,56140.0,0.008156530086616,0.3846153846153846,0.3717948717948718
49-3041,Farm Equipment Mechanics and Service Technicians,603,35280.0,35280.0,49930.0,0.0,0.0,0.0
49-3042,"Mobile Heavy Equipment Mechanics, Except Engines",604,158350.0,158350.0,59560.0,0.0059605412171424,0.3508771929824565,0.0
49-3043,Rail Car Repairers,605,19830.0,19830.0,61960.0,0.0,0.0,0.0
49-3051,Motorboat Mechanics and Service Technicians,606,24920.0,24920.0,50280.0,0.0,0.0,0.0
49-3052,Motorcycle Mechanics,607,14700.0,14700.0,44740.0,0.0024051306665662,0.0,0.0
49-3053,Outdoor Power Equipment and Other Small Engine Mechanics,608,35570.0,35570.0,42590.0,0.0,0.0,0.0
49-3091,Bicycle Repairers,609,13760.0,13760.0,36770.0,0.0,0.0,0.0
49-3092,Recreational Vehicle Service Technicians,610,17190.0,17190.0,47320.0,0.0,0.0,0.0
49-3093,Tire Repairers and Changers,611,99980.0,99980.0,34970.0,0.0,0.0,0.0
49-9011,Mechanical Door Repairers,612,27330.0,27330.0,48400.0,0.0,0.0,0.0
49-9012,"Control and Valve Installers and Repairers, Except Mechanical Door",613,46410.0,46410.0,69410.0,0.0,0.0,0.0
49-9021,"Heating, Air Conditioning, and Refrigeration Mechanics and Installers",614,374770.0,374770.0,57460.0,0.0093068099706259,0.4382022471910107,0.2022471910112367
49-9031,Home Appliance Repairers,615,29370.0,29370.0,47500.0,0.0047056904345861,0.4666666666666667,0.0
49-9041,Industrial Machinery Mechanics,616,386120.0,386120.0,60990.0,0.0211233215063647,0.495049504950495,0.39108910891089105
49-9043,"Maintenance Workers, Machinery",617,62770.0,62770.0,55910.0,0.0,0.0,0.0
49-9044,Millwrights,618,40930.0,40930.0,61750.0,0.0042874068404006,0.4878048780487805,0.0
49-9045,"Refractory Materials Repairers, Except Brickmasons",619,580.0,580.0,51010.0,0.0,0.0,0.0
49-9051,Electrical Power-Line Installers and Repairers,620,119510.0,119510.0,82770.0,0.0,0.0,0.0
49-9052,Telecommunications Line Installers and Repairers,621,107670.0,107670.0,64280.0,0.002927985159298,0.6071428571428571,0.0
49-9061,Camera and Photographic Equipment Repairers,622,2120.0,2120.0,46870.0,0.0056468285215033,0.0,0.0
49-9062,Medical Equipment Repairers,623,58830.0,58830.0,60950.0,0.0139079295066657,0.4812030075187956,0.2180451127819562
49-9063,Musical Instrument Repairers and Tuners,624,6330.0,6330.0,43120.0,0.0024051306665662,0.0,0.0
49-9064,Watch Repairers,625,1880.0,1880.0,49580.0,0.0,0.0,0.0
49-9069,"Precision Instrument and Equipment Repairers, All Other",626,10810.0,10810.0,63970.0,,,
49-9071,"Maintenance and Repair Workers, General",627,1485990.0,1485990.0,47130.0,0.0152673511877684,0.671232876712329,0.116438356164384
49-9081,Wind Turbine Service Technicians,628,9830.0,9830.0,59880.0,0.0,0.0,0.0
49-9091,"Coin, Vending, and Amusement Machine Servicers and Repairers",629,35790.0,35790.0,42500.0,0.0026142724636589,0.0,0.0
49-9092,Commercial Divers,630,3860.0,3860.0,85630.0,0.0024051306665662,0.0,0.0
49-9093,"Fabric Menders, Except Garment",631,86490.0,86490.0,47800.0,0.0,0.0,0.0
49-9094,Locksmiths and Safe Repairers,632,15240.0,15240.0,50210.0,0.0,0.0,0.0
49-9095,Manufactured Building and Mobile Home Installers,633,3630.0,3630.0,38020.0,0.0,0.0,0.0
49-9096,Riggers,634,19260.0,19260.0,58700.0,0.0,0.0,0.0
49-9097,Signal and Track Switch Repairers,635,6880.0,6880.0,77370.0,0.0,0.0,0.0
49-9098,"Helpers--Installation, Maintenance, and Repair Workers",636,93650.0,93650.0,36750.0,0.0016731343767417,0.0,0.0
49-9099,"Installation, Maintenance, and Repair Workers, All Other",631,86490.0,86490.0,47800.0,0.0065879666084206,0.30158730158730146,0.0
51-1011,First-Line Supervisors of Production and Operating Workers,637,659930.0,659930.0,69100.0,0.0033462687534833,0.0,0.0
51-2011,"Aircraft Structure, Surfaces, Rigging, and Systems Assemblers",638,32140.0,32140.0,60110.0,0.0020914179709271,0.0,0.0
51-2021,"Coil Winders, Tapers, and Finishers",639,10860.0,10860.0,44850.0,0.0,0.0,0.0
51-2022,Electrical and Electronic Equipment Assemblers,640,,65840.0,,0.0051239740287714,0.0,0.0
51-2023,Electromechanical Equipment Assemblers,641,,65840.0,,0.0015685634781953,0.0,0.0
51-2031,Engine and Other Machine Assemblers,642,50120.0,50120.0,51980.0,0.0077382464924305,0.0,0.0
51-2041,Structural Metal Fabricators and Fitters,643,58870.0,58870.0,48870.0,0.0,0.0,0.0
51-2091,Fiberglass Laminators and Fabricators,644,21910.0,21910.0,41280.0,0.0,0.0,0.0
51-2092,Team Assemblers,645,727065.0,727065.0,40250.0,0.0,0.0,0.0
51-2093,Timing Device Assemblers and Adjusters,646,370.0,370.0,46480.0,0.0,0.0,0.0
51-2099,"Assemblers and Fabricators, All Other",647,727065.0,727065.0,40250.0,,,
51-3011,Bakers,648,205300.0,205300.0,34140.0,0.0107708025502749,0.40776699029126456,0.2330097087378655
51-3021,Butchers and Meat Cutters,649,129400.0,129400.0,38200.0,0.0,0.0,0.0
51-3022,"Meat, Poultry, and Fish Cutters and Trimmers",650,133460.0,133460.0,35090.0,0.0,0.0,0.0
51-3023,Slaughterers and Meat Packers,651,78660.0,78660.0,34920.0,0.0,0.0,0.0
51-3091,"Food and Tobacco Roasting, Baking, and Drying Machine Operators and Tenders",652,20010.0,20010.0,39770.0,0.0,0.0,0.0
51-3092,Food Batchmakers,653,166520.0,166520.0,38710.0,0.0559454307223024,0.5345794392523375,0.36448598130841187
51-3093,Food Cooking Machine Operators and Tenders,654,26740.0,26740.0,37760.0,0.0,0.0,0.0
51-3099,"Food Processing Workers, All Other",655,47790.0,47790.0,35430.0,,,
51-4011,"Computer-Controlled Machine Tool Operators, Metal and Plastic",656,153380.0,153380.0,43971.129656191595,0.0226918849845599,0.2672811059907846,0.3732718894009233
51-4012,"Computer Numerically Controlled Machine Tool Programmers, Metal and Plastic",656,153380.0,153380.0,43971.129656191595,0.863337338398749,0.3860222868217053,0.5989583333333333
51-4021,"Extruding and Drawing Machine Setters, Operators, and Tenders, Metal and Plastic",657,63490.0,63490.0,42580.0,0.0016731343767417,0.0,0.0
51-4022,"Forging Machine Setters, Operators, and Tenders, Metal and Plastic",658,10650.0,10650.0,46940.0,0.0,0.0,0.0
51-4023,"Rolling Machine Setters, Operators, and Tenders, Metal and Plastic",659,27900.0,27900.0,48250.0,0.0,0.0,0.0
51-4031,"Cutting, Punching, and Press Machine Setters, Operators, and Tenders, Metal and Plastic",660,182460.0,182460.0,42240.0,0.0,0.0,0.0
51-4032,"Drilling and Boring Machine Tool Setters, Operators, and Tenders, Metal and Plastic",661,6470.0,6470.0,45350.0,0.0015685634781953,0.0,0.0
51-4033,"Grinding, Lapping, Polishing, and Buffing Machine Tool Setters, Operators, and Tenders, Metal and Plastic",662,73800.0,73800.0,42050.0,0.0,0.0,0.0
51-4034,"Lathe and Turning Machine Tool Setters, Operators, and Tenders, Metal and Plastic",663,19410.0,19410.0,47820.0,0.0,0.0,0.0
51-4035,"Milling and Planing Machine Setters, Operators, and Tenders, Metal and Plastic",664,15480.0,15480.0,49200.0,0.0,0.0,0.0
51-4041,Machinists,665,316860.0,316860.0,51430.0,0.034612967418845,0.5105740181268891,0.3474320241691853
51-4051,Metal-Refining Furnace Operators and Tenders,666,19320.0,19320.0,53450.0,0.0,0.0,0.0
51-4052,"Pourers and Casters, Metal",667,6070.0,6070.0,46600.0,0.0,0.0,0.0
51-4061,"Model Makers, Metal and Plastic",668,3350.0,3350.0,60220.0,0.0,0.0,0.0
51-4062,"Patternmakers, Metal and Plastic",669,2230.0,2230.0,55470.0,0.0,0.0,0.0
51-4071,Foundry Mold and Coremakers,670,11330.0,11330.0,42000.0,0.0,0.0,0.0
51-4072,"Molding, Coremaking, and Casting Machine Setters, Operators, and Tenders, Metal and Plastic",671,165820.0,165820.0,39690.0,0.0,0.0,0.0
51-4081,"Multiple Machine Tool Setters, Operators, and Tenders, Metal and Plastic",672,137060.0,137060.0,42040.0,0.07727789402576,0.4776725304465493,0.4803788903924221
51-4111,Tool and Die Makers,673,61730.0,61730.0,59390.0,0.011921082434285,0.5175438596491228,0.2543859649122807
51-4121,"Welders, Cutters, Solderers, and Brazers",674,408990.0,408990.0,50460.0,0.0020914179709271,0.0,0.0
51-4122,"Welding, Soldering, and Brazing Machine Setters, Operators, and Tenders",675,30940.0,30940.0,46110.0,0.0,0.0,0.0
51-4191,"Heat Treating Equipment Setters, Operators, and Tenders, Metal and Plastic",676,15600.0,15600.0,43700.0,0.001777705275288,0.0,0.0
51-4192,"Layout Workers, Metal and Plastic",677,6890.0,6890.0,56170.0,0.0019868470723808,0.0,0.0
51-4193,"Plating and Coating Machine Setters, Operators, and Tenders, Metal and Plastic",678,32050.0,32050.0,40290.0,0.0,0.0,0.0
51-4194,"Tool Grinders, Filers, and Sharpeners",679,5320.0,5320.0,46040.0,0.0,0.0,0.0
51-4199,"Metal Workers and Plastic Workers, All Other",680,21030.0,21030.0,41960.0,,,
51-5111,Prepress Technicians and Workers,681,25250.0,25250.0,44880.0,0.0267701500278679,0.4726562500000013,0.3125000000000003
51-5112,Printing Press Operators,682,150010.0,150010.0,42730.0,0.0056468285215034,0.48148148148148134,0.5
51-5113,Print Binding and Finishing Workers,683,39030.0,39030.0,38850.0,0.001777705275288,0.0,0.0
51-6011,Laundry and Dry-Cleaning Workers,684,175730.0,175730.0,29660.0,0.0025097015651125,0.7083333333333334,0.0
51-6021,"Pressers, Textile, Garment, and Related Materials",685,28570.0,28570.0,30650.0,0.0,0.0,0.0
51-6031,Sewing Machine Operators,686,116750.0,116750.0,33130.0,0.0,0.0,0.0
51-6041,Shoe and Leather Workers and Repairers,687,8860.0,8860.0,34600.0,0.0,0.0,0.0
51-6042,Shoe Machine Operators and Tenders,688,2960.0,2960.0,34160.0,0.0,0.0,0.0
51-6051,"Sewers, Hand",689,3440.0,3440.0,33440.0,0.0,0.0,0.0
51-6052,"Tailors, Dressmakers, and Custom Sewers",690,16870.0,16870.0,37230.0,0.0940092377931776,0.5951056729699666,0.36151279199110137
51-6061,Textile Bleaching and Dyeing Machine Operators and Tenders,691,6640.0,6640.0,33900.0,0.0038691232462152,0.0,0.0
51-6062,"Textile Cutting Machine Setters, Operators, and Tenders",692,10700.0,10700.0,34970.0,0.0699056456782417,0.4487658937920717,0.531787584143605
51-6063,"Textile Knitting and Weaving Machine Setters, Operators, and Tenders",693,16900.0,16900.0,35710.0,0.0699056456782417,0.4487658937920717,0.531787584143605
51-6064,"Textile Winding, Twisting, and Drawing Out Machine Setters, Operators, and Tenders",694,23830.0,23830.0,34610.0,0.0,0.0,0.0
51-6091,"Extruding and Forming Machine Setters, Operators, and Tenders, Synthetic and Glass Fibers",695,14460.0,14460.0,42770.0,0.0,0.0,0.0
51-6092,Fabric and Apparel Patternmakers,696,3070.0,3070.0,66820.0,0.0,0.0,0.0
51-6093,Upholsterers,697,26990.0,26990.0,41900.0,0.0021959888694735,0.0,0.0
51-6099,"Textile, Apparel, and Furnishings Workers, All Other",698,12810.0,12810.0,35520.0,,,
51-7011,Cabinetmakers and Bench Carpenters,699,95980.0,95980.0,42120.0,0.0,0.0,0.0
51-7021,Furniture Finishers,700,14990.0,14990.0,39880.0,0.0,0.0,0.0
51-7031,"Model Makers, Wood",701,720.0,720.0,52820.0,0.0031371269563907,0.0,0.0
51-7032,"Patternmakers, Wood",702,330.0,330.0,45720.0,0.2463690369752243,0.41850594227504234,0.5284380305602716
51-7041,"Sawing Machine Setters, Operators, and Tenders, Wood",703,46400.0,46400.0,37450.0,0.0,0.0,0.0
51-7042,"Woodworking Machine Setters, Operators, and Tenders, Except Sawing",704,63680.0,63680.0,38060.0,0.0,0.0,0.0
51-7099,"Woodworkers, All Other",705,9120.0,9120.0,36870.0,,,
51-8011,Nuclear Power Reactor Operators,706,5450.0,5450.0,117510.0,0.0,0.0,0.0
51-8012,Power Distributors and Dispatchers,707,9380.0,9380.0,101360.0,0.0163130601732321,0.2051282051282052,0.141025641025641
51-8013,Power Plant Operators,708,31590.0,31590.0,88960.0,0.0111890861444605,0.2523364485981308,0.5607476635514018
51-8021,Stationary Engineers and Boiler Operators,709,31470.0,31470.0,72570.0,0.001777705275288,0.0,0.0
51-8031,Water and Wastewater Treatment Plant and System Operators,710,119350.0,119350.0,55690.0,0.0,0.0,0.0
51-8091,Chemical Plant and System Operators,711,18710.0,18710.0,79290.0,0.0051239740287714,0.0,0.0
51-8092,Gas Plant Operators,712,14290.0,14290.0,78430.0,0.005542257622957,0.43396226415094413,0.0
51-8093,"Petroleum Pump System Operators, Refinery Operators, and Gaugers",713,31360.0,31360.0,84140.0,0.045070057273481,0.3178654292343388,0.5359628770301628
51-8099,"Plant and System Operators, All Other",714,15370.0,15370.0,60070.0,0.0316849822595469,0.5544554455445563,0.29042904290429133
51-9011,Chemical Equipment Operators and Tenders,715,115370.0,115370.0,54210.0,0.0039736941447615,0.0,0.0
51-9012,"Separating, Filtering, Clarifying, Precipitating, and Still Machine Setters, Operators, and Tenders",716,52470.0,52470.0,48980.0,0.0,0.0,0.0
51-9021,"Crushing, Grinding, and Polishing Machine Setters, Operators, and Tenders",717,27320.0,27320.0,45310.0,0.0021959888694735,0.0,0.0
51-9022,"Grinding and Polishing Workers, Hand",718,14190.0,14190.0,38770.0,0.0,0.0,0.0
51-9023,"Mixing and Blending Machine Setters, Operators, and Tenders",719,108900.0,108900.0,45220.0,0.0020914179709271,0.0,0.0
51-9031,"Cutters and Trimmers, Hand",720,8250.0,8250.0,37830.0,0.0,0.0,0.0
51-9032,"Cutting and Slicing Machine Setters, Operators, and Tenders",721,54110.0,54110.0,41980.0,0.0050194031302251,0.3333333333333333,0.3333333333333333
51-9041,"Extruding, Forming, Pressing, and Compacting Machine Setters, Operators, and Tenders",722,58740.0,58740.0,41940.0,0.0,0.0,0.0
51-9051,"Furnace, Kiln, Oven, Drier, and Kettle Operators and Tenders",723,15030.0,15030.0,46180.0,0.0,0.0,0.0
51-9061,"Inspectors, Testers, Sorters, Samplers, and Weighers",724,579740.0,579740.0,47290.0,0.1701368519349277,0.4794099569760295,0.4732636754763367
51-9071,Jewelers and Precious Stone and Metal Workers,725,26280.0,26280.0,50530.0,0.052390020171726,0.41117764471057916,0.35329341317365304
51-9081,Dental Laboratory Technicians,726,33330.0,33330.0,49930.0,0.0,0.0,0.0
51-9082,Medical Appliance Technicians,727,15680.0,15680.0,46240.0,0.0024051306665662,0.0,0.0
51-9083,Ophthalmic Laboratory Technicians,728,20200.0,20200.0,40140.0,0.0056468285215034,0.48148148148148134,0.0
51-9111,Packaging and Filling Machine Operators and Tenders,729,369330.0,369330.0,39060.0,0.0,0.0,0.0
51-9121,"Coating, Painting, and Spraying Machine Setters, Operators, and Tenders",730,76060.0,76060.0,46440.0,0.0,0.0,0.0
51-9122,"Painters, Transportation Equipment",730,76060.0,76060.0,46440.0,0.0,0.0,0.0
51-9123,"Painting, Coating, and Decorating Workers",731,11990.0,11990.0,41770.0,0.0,0.0,0.0
51-9141,Semiconductor Processors,732,23860.0,23860.0,48370.0,0.0,0.0,0.0
51-9151,Photographic Process Workers and Processing Machine Operators,733,5380.0,5380.0,42750.0,0.0599191248670641,0.2931937172774868,0.642233856893543
51-9191,Adhesive Bonding Machine Operators and Tenders,734,11320.0,11320.0,40100.0,0.0,0.0,0.0
51-9192,"Cleaning, Washing, and Metal Pickling Equipment Operators and Tenders",735,13200.0,13200.0,39130.0,0.0025097015651125,0.0,0.0
51-9193,Cooling and Freezing Equipment Operators and Tenders,736,6420.0,6420.0,44240.0,0.0,0.0,0.0
51-9194,Etchers and Engravers,737,8400.0,8400.0,40950.0,0.0031371269563907,0.0,0.0
51-9195,"Molders, Shapers, and Casters, Except Metal and Plastic",738,39060.0,39060.0,41680.0,0.019241045332530102,0.521739130434785,0.35326086956521907
51-9196,"Paper Goods Machine Setters, Operators, and Tenders",739,92050.0,92050.0,46390.0,0.0,0.0,0.0
51-9197,Tire Builders,740,18360.0,18360.0,50600.0,0.0,0.0,0.0
51-9198,Helpers--Production Workers,741,190680.0,190680.0,35740.0,0.0197638998252619,0.5026455026455027,0.3174603174603174
51-9199,"Production Workers, All Other (#)",656,153380.0,153380.0,43971.129656191595,0.0,0.0,0.0
53-1011,Aircraft Cargo Handling Supervisors,742,7950.0,7950.0,61150.0,0.0,0.0,0.0
53-1021,"First-Line Supervisors of Helpers, Laborers, and Material Movers, Hand",743,,65840.0,,0.03618153089704,0.34682080924855874,0.30346820809248704
53-1031,First-Line Supervisors of Transportation and Material-Moving Machine and Vehicle Operators (#),408,91770.0,91770.0,47889.97602702408,0.0139079295066656,0.0,0.0
53-2011,"Airline Pilots, Copilots, and Flight Engineers",744,89580.0,89580.0,225740.0,0.0015162780289221,0.0,0.0
53-2012,Commercial Pilots,745,48750.0,48750.0,123250.0,0.0015162780289221,0.0,0.0
53-2021,Air Traffic Controllers,746,21250.0,21250.0,130840.0,0.0086793845793477,0.2771084337349405,0.3253012048192781
53-2022,Airfield Operations Specialists,747,14760.0,14760.0,64050.0,0.0127576496226557,0.418032786885246,0.3032786885245902
53-2031,Flight Attendants,748,108480.0,108480.0,67020.0,0.0051239740287716,0.5714285714285714,0.0
53-3011,"Ambulance Drivers and Attendants, Except Emergency Medical Technicians",749,9910.0,9910.0,33570.0,0.0,0.0,0.0
53-3021,"Bus Drivers, Transit and Intercity",750,141530.0,141530.0,53920.0,0.0,0.0,0.0
53-3022,"Bus Drivers, School or Special Client (#)",751,290720.0,290720.0,39610.66008530545,0.0179861945499737,0.3139534883720952,0.3197674418604663
53-3031,Driver/Sales Workers,752,489510.0,489510.0,35560.0,0.0098296644633577,0.5106382978723404,0.0
53-3032,Heavy and Tractor-Trailer Truck Drivers,753,1984180.0,1984180.0,53090.0,0.0188227617383446,0.6166666666666665,0.2666666666666667
53-3033,Light Truck or Delivery Services Drivers,754,1059840.0,1059840.0,45020.0,0.0,0.0,0.0
53-3041,Taxi Drivers and Chauffeurs (#),751,290720.0,290720.0,39610.66008530545,0.0066925375069668,0.0,0.0
53-3099,"Motor Vehicle Operators, All Other",755,49340.0,49340.0,37650.0,,,
53-4011,Locomotive Engineers,756,36440.0,36440.0,73850.0,0.0037645523476688,0.4722222222222222,0.0
53-4012,Locomotive Firers,757,7105.0,7105.0,64810.0,0.0,0.0,0.0
53-4013,"Rail Yard Engineers, Dinkey Operators, and Hostlers",758,2680.0,2680.0,58430.0,0.0049148322316788,0.3617021276595745,0.3191489361702128
53-4021,"Railroad Brake, Signal, and Switch Operators",757,7105.0,7105.0,64810.0,0.0041828359418543,0.675,0.0
53-4031,Railroad Conductors and Yardmasters,759,40940.0,40940.0,69190.0,0.0024051306665662,0.6956521739130435,0.0
53-4041,Subway and Streetcar Operators,760,9120.0,9120.0,75880.0,0.0036599814491225,0.4285714285714285,0.0
53-4099,"Rail Transportation Workers, All Other",761,2240.0,2240.0,46780.0,,,
53-5011,Sailors and Marine Oilers,762,28500.0,28500.0,53350.0,0.0,0.0,0.0
53-5021,"Captains, Mates, and Pilots of Water Vessels",763,34940.0,34940.0,104190.0,0.0125485078255631,0.5500000000000004,0.0
53-5022,Motorboat Operators,764,3110.0,3110.0,47300.0,0.0,0.0,0.0
53-5031,Ship Engineers,765,8650.0,8650.0,100980.0,0.0,0.0,0.0
53-6011,Bridge and Lock Tenders,766,3690.0,3690.0,46910.0,0.0,0.0,0.0
53-6021,Parking Lot Attendants,767,105290.0,105290.0,31230.0,0.0046011195360396,0.0,0.0
53-6031,Automotive and Watercraft Service Attendants,768,99600.0,99600.0,32340.0,0.0099342353619041,0.6421052631578947,0.1578947368421052
53-6041,Traffic Technicians,769,7310.0,7310.0,54720.0,0.0105616607531822,0.42574257425742873,0.0
53-6051,Transportation Inspectors,770,24420.0,24420.0,79770.0,0.002927985159298,0.0,0.0
53-6061,"Transportation Attendants, Except Flight Attendants",771,13200.0,13200.0,36230.0,0.0069016793040596,0.5303030303030303,0.0
53-6099,"Transportation Workers, All Other (#)",772,31310.0,31310.0,39729.45065474289,,,
53-7011,Conveyor Operators and Tenders,773,27780.0,27780.0,40060.0,0.0056468285215034,0.4444444444444444,0.37037037037037035
53-7021,Crane and Tower Operators,774,45210.0,45210.0,65220.0,0.0,0.0,0.0
53-7031,Dredge Operators,775,940.0,940.0,51770.0,0.0,0.0,0.0
53-7032,Excavating and Loading Machine and Dragline Operators (#),776,29275.0,29275.0,49155.65328778821,0.0063788248113278,0.0,0.0
53-7033,"Loading Machine Operators, Underground Mining",777,2605.0,2605.0,62420.0,0.0,0.0,0.0
53-7041,Hoist and Winch Operators,778,2440.0,2440.0,69120.0,0.0,0.0,0.0
53-7051,Industrial Truck and Tractor Operators,779,780890.0,780890.0,43240.0,0.0,0.0,0.0
53-7061,Cleaners of Vehicles and Equipment,780,359530.0,359530.0,32730.0,0.0,0.0,0.0
53-7062,"Laborers and Freight, Stock, and Material Movers, Hand",781,2934050.0,2934050.0,37510.0,0.0015685634781953,0.0,0.0
53-7063,Machine Feeders and Offbearers,782,51010.0,51010.0,39100.0,0.0,0.0,0.0
53-7064,"Packers and Packagers, Hand",783,653870.0,653870.0,33310.0,0.0,0.0,0.0
53-7071,Gas Compressor and Gas Pumping Station Operators,784,3740.0,3740.0,61500.0,0.0,0.0,0.0
53-7072,"Pump Operators, Except Wellhead Pumpers",785,10870.0,10870.0,59150.0,0.0,0.0,0.0
53-7073,Wellhead Pumpers,786,14550.0,14550.0,65510.0,0.0,0.0,0.0
53-7081,Refuse and Recyclable Material Collectors,787,132240.0,132240.0,45560.0,0.0,0.0,0.0
53-7111,Mine Shuttle Car Operators,777,2605.0,2605.0,62420.0,0.0,0.0,0.0
53-7121,"Tank Car, Truck, and Ship Loaders",788,12470.0,12470.0,58680.0,0.0,0.0,0.0
53-7199,"Material Moving Workers, All Other",776,29275.0,29275.0,49155.65328778821,,,
55-1011,Air Crew Officers,789,,65840.0,,,,
55-1012,Aircraft Launch and Recovery Officers,790,,65840.0,,,,
55-1013,Armored Assault Vehicle Officers,791,,65840.0,,,,
55-1014,Artillery and Missile Officers,792,,65840.0,,,,
55-1015,Command and Control Center Officers,793,,65840.0,,,,
55-1016,Infantry Officers,794,,65840.0,,,,
55-1017,Special Forces Officers,795,,65840.0,,,,
55-1019,"Military Officer Special and Tactical Operations Leaders, All Other",796,,65840.0,,,,
55-2011,First-Line Supervisors of Air Crew Members,797,,65840.0,,,,
55-2012,First-Line Supervisors of Weapons Specialists/Crew Members,798,,65840.0,,,,
55-2013,First-Line Supervisors of All Other Tactical Operations Specialists,799,,65840.0,,,,
55-3011,Air Crew Members,800,,65840.0,,,,
55-3012,Aircraft Launch and Recovery Specialists,801,,65840.0,,,,
55-3013,Armored Assault Vehicle Crew Members,802,,65840.0,,,,
55-3014,Artillery and Missile Crew Members,803,,65840.0,,,,
55-3015,Command and Control Center Specialists,804,,65840.0,,,,
55-3016,Infantry,805,,65840.0,,,,
55-3017,Radar and Sonar Technicians,110,40520.0,40520.0,70103.96717670286,,,
55-3018,Special Forces,806,,65840.0,,,,
55-3019,"Military Enlisted Tactical Operations and Air/Weapons Specialists and Crew Members, All Other",807,,65840.0,,,,
