soc_2018,title_2018,group_id,mean_us_work_related_messages_iwa_share,oews_tot_emp_imputed,oews_tot_emp_adjusted,oews_emp_was_imputed,oews_a_mean,oews_a_median,oews_broad_match,oews_soc_2018_broad
11-1011,Chief Executives,0,0.003538401559177293,211850.0,211850.0,False,262930.0,206420.0,False,
11-1021,General and Operations Managers,1,0.007695648850826749,3584420.0,3584420.0,False,133120.0,102950.0,False,
11-1031,Legislators,2,0.00012071919760283497,26510.0,26510.0,False,67390.0,44810.0,False,
11-2011,Advertising and Promotions Managers,3,0.0002931168828453477,21100.0,21100.0,False,149270.0,126960.0,False,
11-2021,Marketing Managers,4,0.001288520779609736,384980.0,384980.0,False,171520.0,161030.0,False,
11-2022,Sales Managers,5,0.002112593154697746,603710.0,603710.0,False,160930.0,138060.0,False,
11-2032,Public Relations Managers,6,0.005833646499793392,76060.0,76060.0,False,163520.0,138520.0,False,
11-2033,Fundraising Managers,6,0.0028983470249989937,36920.0,36920.0,False,137290.0,123480.0,False,
11-3012,Administrative Services Managers,7,0.0008110501713990579,254140.0,254140.0,False,126030.0,108390.0,False,
11-3013,Facilities Managers,7,0.0006461293269710529,141090.0,141090.0,False,114520.0,104690.0,False,
11-3021,Computer and Information Systems Managers,8,0.002674208235882373,645970.0,645970.0,False,187990.0,171200.0,False,
11-3031,Financial Managers,9,0.01353722567663965,818620.0,818620.0,False,180470.0,161700.0,False,
11-3051,Industrial Production Managers,10,0.0019236987717063865,234380.0,234380.0,False,129180.0,121440.0,False,
11-3061,Purchasing Managers,11,0.00021864052445757148,81240.0,81240.0,False,150630.0,139510.0,False,
11-3071,"Transportation, Storage, and Distribution Managers",12,0.0007556425808936282,213000.0,213000.0,False,116010.0,102010.0,False,
11-3111,Compensation and Benefits Managers,13,8.076592197013448e-05,20070.0,20070.0,False,156230.0,140360.0,False,
11-3121,Human Resources Managers,14,0.0013009035393677455,215520.0,215520.0,False,160480.0,140030.0,False,
11-3131,Training and Development Managers,15,0.0003999203708000735,44960.0,44960.0,False,140590.0,127090.0,False,
11-9013,"Farmers, Ranchers, and Other Agricultural Managers",16,1.7677654988924328e-05,5910.0,5910.0,False,97240.0,87980.0,False,
11-9021,Construction Managers,17,0.0011423085606579511,348330.0,348330.0,False,119660.0,106980.0,False,
11-9031,"Education and Childcare Administrators, Preschool and Daycare",18,0.0010551088000553734,71620.0,71620.0,False,62640.0,56270.0,False,
11-9032,"Education Administrators, Kindergarten through Secondary",19,0.005003220888435397,319630.0,319630.0,False,113360.0,104070.0,False,
11-9033,"Education Administrators, Postsecondary",20,0.001095297500088049,176420.0,176420.0,False,124450.0,103960.0,False,
11-9039,"Education Administrators, All Other",21,0.0,53330.0,53330.0,False,99460.0,89040.0,False,
11-9041,Architectural and Engineering Managers,22,0.0012206937248375124,210340.0,210340.0,False,175710.0,167740.0,False,
11-9051,Food Service Managers,23,0.0007030928353562335,244230.0,244230.0,False,72370.0,65310.0,False,
11-9071,Gambling Managers,24,1.13698414230906e-05,4620.0,4620.0,False,102480.0,85580.0,False,
11-9072,"Entertainment and Recreation Managers, Except Gambling",25,0.00021614422508179558,36700.0,36700.0,False,87060.0,77180.0,False,
11-9081,Lodging Managers,26,8.599435522526491e-05,41350.0,41350.0,False,77460.0,68130.0,False,
11-9111,Medical and Health Services Managers,27,0.0019669716383162047,565840.0,565840.0,False,137730.0,117960.0,False,
11-9121,Natural Sciences Managers,28,0.0020386020722307796,100870.0,100870.0,False,173500.0,161180.0,False,
11-9131,Postmasters and Mail Superintendents,29,2.1898654084882654e-05,13810.0,13810.0,False,93760.0,92730.0,False,
11-9141,"Property, Real Estate, and Community Association Managers",30,0.0012242327362066317,296640.0,296640.0,False,82720.0,66700.0,False,
11-9151,Social and Community Service Managers,31,0.0008718907292755403,195490.0,195490.0,False,86100.0,78240.0,False,
11-9161,Emergency Management Directors,32,0.00014368635174162722,12570.0,12570.0,False,97700.0,86130.0,False,
11-9171,Funeral Home Managers,33,8.657626053571826e-05,13120.0,13120.0,False,85650.0,76830.0,False,
11-9179,"Personal Service Managers, All Other",25,9.990393608293555e-05,10490.0,10490.0,False,70620.0,61340.0,False,
11-9199,"Managers, All Other",25,0.0068961644223181,630980.0,630980.0,False,149890.0,136550.0,False,
13-1011,"Agents and Business Managers of Artists, Performers, and Athletes",34,4.301223708162533e-05,14220.0,14220.0,False,165600.0,96310.0,False,
13-1021,"Buyers and Purchasing Agents, Farm Products",35,0.00019490707424693588,162300.0,162300.0,False,81720.0,75650.0,True,13-1020
13-1022,"Wholesale and Retail Buyers, Except Farm Products",36,0.0031663008865543455,162300.0,162300.0,False,81720.0,75650.0,True,13-1020
13-1023,"Purchasing Agents, Except Wholesale, Retail, and Farm Products",37,0.0017706369605044875,162300.0,162300.0,False,81720.0,75650.0,True,13-1020
13-1031,"Claims Adjusters, Examiners, and Investigators",38,0.002821837407791621,305020.0,305020.0,False,78770.0,76790.0,False,
13-1032,"Insurance Appraisers, Auto Damage",39,5.815336939073963e-06,7790.0,7790.0,False,77050.0,76650.0,False,
13-1041,Compliance Officers,40,0.004647891998058421,397770.0,397770.0,False,84980.0,78420.0,False,
13-1051,Cost Estimators,41,0.0006038697942858088,219530.0,219530.0,False,83160.0,77070.0,False,
13-1071,Human Resources Specialists,42,0.007987694737126967,917460.0,917460.0,False,79730.0,72910.0,False,
13-1074,Farm Labor Contractors,43,6.337941714146737e-08,410.0,410.0,False,51910.0,48690.0,False,
13-1075,Labor Relations Specialists,44,0.0001325907530920027,64590.0,64590.0,False,97130.0,93500.0,False,
13-1081,Logisticians,45,0.005072759833829076,235640.0,235640.0,False,87600.0,80880.0,False,
13-1082,Project Management Specialists (##),25,0.00428775935104492,1006160.0,1006160.0,False,108100.0,100750.0,False,
13-1111,Management Analysts,46,0.06492142690455444,893900.0,893900.0,False,114710.0,101190.0,False,
13-1121,"Meeting, Convention, and Event Planners",47,0.0019303936568661158,134670.0,134670.0,False,65090.0,59440.0,False,
13-1131,Fundraisers,48,0.0022709850685260413,105930.0,105930.0,False,73130.0,66490.0,False,
13-1141,"Compensation, Benefits, and Job Analysis Specialists",49,0.00043174205276651223,102370.0,102370.0,False,82920.0,77020.0,False,
13-1151,Training and Development Specialists,50,0.0035664846346920675,436610.0,436610.0,False,73760.0,65850.0,False,
13-1161,Market Research Analysts and Marketing Specialists,51,0.018725258970660578,861140.0,861140.0,False,86480.0,76950.0,False,
13-1199,"Business Operations Specialists, All Other",25,0.034889131309192724,1128200.0,1128200.0,False,92380.0,81270.0,False,
13-2011,Accountants and Auditors,52,0.006712855374596947,1448290.0,1448290.0,False,93520.0,81680.0,False,
13-2022,Appraisers of Personal and Business Property,53,0.0003674440252719491,29535.0,29535.0,False,77160.0,65420.0,True,13-2020
13-2023,Appraisers and Assessors of Real Estate,53,0.00038309654995308235,29535.0,29535.0,False,77160.0,65420.0,True,13-2020
13-2031,Budget Analysts,54,0.0002599283413411668,47170.0,47170.0,False,93920.0,87930.0,False,
13-2041,Credit Analysts,55,0.000258138538841252,67370.0,67370.0,False,98040.0,80970.0,False,
13-2051,Financial and Investment Analysts,56,0.003270498350965136,340580.0,340580.0,False,116490.0,101350.0,False,
13-2052,Personal Financial Advisors,57,0.0022078231362219923,270480.0,270480.0,False,160210.0,102140.0,False,
13-2053,Insurance Underwriters,58,0.00017160459126169098,107820.0,107820.0,False,90830.0,79880.0,False,
13-2054,Financial Risk Specialists (##),56,0.0006537679835999158,56320.0,56320.0,False,119930.0,106000.0,False,
13-2061,Financial Examiners,59,0.0001392771576884605,62830.0,62830.0,False,103650.0,90400.0,False,
13-2071,Credit Counselors,60,0.0002492462680151599,28110.0,28110.0,False,55890.0,50480.0,False,
13-2072,Loan Officers,61,0.0038828219129565383,290530.0,290530.0,False,86020.0,74180.0,False,
13-2081,"Tax Examiners and Collectors, and Revenue Agents",62,0.00039716269312982166,53530.0,53530.0,False,67570.0,59740.0,False,
13-2082,Tax Preparers,63,0.00037881363489877,73570.0,73570.0,False,58860.0,50560.0,False,
13-2099,"Financial Specialists, All Other",56,0.0012234754043807677,127450.0,127450.0,False,93890.0,80190.0,False,
15-1211,Computer Systems Analysts,64,0.017412712740311854,497800.0,497800.0,False,111960.0,103790.0,False,
15-1212,Information Security Analysts,65,0.0022419847193399086,179430.0,179430.0,False,127730.0,124910.0,False,
15-1221,Computer and Information Research Scientists,66,0.00023006341507083477,38480.0,38480.0,False,152310.0,140910.0,False,
15-1231,Computer Network Support Specialists,67,0.0032488710131136824,146450.0,146450.0,False,79610.0,73340.0,False,
15-1232,Computer User Support Specialists,68,0.01196417039885648,697210.0,697210.0,False,64990.0,60340.0,False,
15-1241,Computer Network Architects,69,0.0038264811291763897,177010.0,177010.0,False,135890.0,130390.0,False,
15-1242,Database Administrators,25,0.0017238967594314111,73180.0,73180.0,False,107440.0,104620.0,False,
15-1243,Database Architects (##),25,0.0024447359724549316,64770.0,64770.0,False,142620.0,135980.0,False,
15-1244,Network and Computer Systems Administrators,70,0.005536774582136983,318570.0,318570.0,False,101190.0,96800.0,False,
15-1251,Computer Programmers,71,0.0036786185540491033,109870.0,109870.0,False,103640.0,98670.0,False,
15-1252,Software Developers (##),25,0.011513126123053097,1654440.0,1654440.0,False,144570.0,133080.0,False,
15-1253,Software Quality Assurance Analysts and Testers (##),25,0.004436628898103375,199800.0,199800.0,False,110260.0,102610.0,False,
15-1254,Web Developers,25,0.001869236465653618,78860.0,78860.0,False,98790.0,90930.0,False,
15-1255,Web and Digital Interface Designers (##),25,0.003723057995668466,111400.0,111400.0,False,111450.0,98090.0,False,
15-1299,"Computer Occupations, All Other (##)",25,0.0319913199468256,439380.0,439380.0,False,116700.0,108970.0,False,
15-2011,Actuaries,72,0.0001343362169812338,28340.0,28340.0,False,134990.0,125770.0,False,
15-2021,Mathematicians,73,1.434520725281825e-05,2220.0,2220.0,False,122520.0,121680.0,False,
15-2031,Operations Research Analysts,74,0.0018297292221779952,107760.0,107760.0,False,99120.0,91290.0,False,
15-2041,Statisticians,75,0.0007672982400760157,29800.0,29800.0,False,112330.0,103300.0,False,
15-2051,Data Scientists,76,0.008220927411873871,233440.0,233440.0,False,124590.0,112590.0,False,
15-2099,"Mathematical Science Occupations, All Other (##)",76,8.397777652985707e-05,4660.0,4660.0,False,84700.0,71490.0,False,
17-1011,"Architects, Except Landscape and Naval",77,0.00051244930219207,111140.0,111140.0,False,103390.0,96690.0,False,
17-1012,Landscape Architects,78,0.00010655161340740236,19580.0,19580.0,False,88000.0,79660.0,False,
17-1021,Cartographers and Photogrammetrists,79,4.3851748046208165e-05,12790.0,12790.0,False,82860.0,78380.0,False,
17-1022,Surveyors,80,0.0003189927929857615,53080.0,53080.0,False,76730.0,72740.0,False,
17-2011,Aerospace Engineers,81,0.00018094533872065047,68440.0,68440.0,False,141180.0,134830.0,False,
17-2021,Agricultural Engineers,82,8.388616511642081e-06,1680.0,1680.0,False,84240.0,84630.0,False,
17-2031,Bioengineers and Biomedical Engineers,83,0.00018248541299246312,21860.0,21860.0,False,115020.0,106950.0,False,
17-2041,Chemical Engineers,84,8.348648796044125e-05,20330.0,20330.0,False,128430.0,121860.0,False,
17-2051,Civil Engineers,85,0.0036202114582834103,355410.0,355410.0,False,107050.0,99590.0,False,
17-2061,Computer Hardware Engineers,86,0.0003302215362223629,75710.0,75710.0,False,156770.0,155020.0,False,
17-2071,Electrical Engineers,87,0.0012237270509215918,188790.0,188790.0,False,120980.0,111910.0,False,
17-2072,"Electronics Engineers, Except Computer",88,0.0009603446551748248,93940.0,93940.0,False,132500.0,127590.0,False,
17-2081,Environmental Engineers,89,0.00017869794597202008,37950.0,37950.0,False,110570.0,104170.0,False,
17-2111,"Health and Safety Engineers, Except Mining Safety Engineers and Inspectors",90,0.00012683233425012655,23220.0,23220.0,False,113770.0,109660.0,False,
17-2112,Industrial Engineers,91,0.004727554917170086,350230.0,350230.0,False,107900.0,101140.0,False,
17-2121,Marine Engineers and Naval Architects,92,7.118033450180587e-05,8440.0,8440.0,False,116680.0,105670.0,False,
17-2131,Materials Engineers,93,0.00029100625574866586,22770.0,22770.0,False,116380.0,108310.0,False,
17-2141,Mechanical Engineers,94,0.004097167962666789,286760.0,286760.0,False,110080.0,102320.0,False,
17-2151,"Mining and Geological Engineers, Including Mining Safety Engineers",95,2.9682408185776363e-05,6770.0,6770.0,False,108940.0,101020.0,False,
17-2161,Nuclear Engineers,96,5.705444108264703e-05,14740.0,14740.0,False,134980.0,127520.0,False,
17-2171,Petroleum Engineers,97,0.00010246038064503709,18970.0,18970.0,False,153560.0,141280.0,False,
17-2199,"Engineers, All Other",98,0.004378618781019946,150750.0,150750.0,False,121720.0,117750.0,False,
17-3011,Architectural and Civil Drafters,99,0.0008220245894963861,109550.0,109550.0,False,68860.0,64280.0,False,
17-3012,Electrical and Electronics Drafters,100,0.00015110434868296872,20020.0,20020.0,False,77960.0,73720.0,False,
17-3013,Mechanical Drafters,101,0.00013600960919558445,39900.0,39900.0,False,74040.0,68510.0,False,
17-3019,"Drafters, All Other",102,0.0,16010.0,16010.0,False,66530.0,62010.0,False,
17-3021,Aerospace Engineering and Operations Technologists and Technicians,103,1.838595475454695e-05,9060.0,9060.0,False,86330.0,79830.0,False,
17-3022,Civil Engineering Technologists and Technicians,104,0.0002678386106694862,62130.0,62130.0,False,68450.0,64200.0,False,
17-3023,Electrical and Electronic Engineering Technologists and Technicians,105,0.0005891011774021919,92710.0,92710.0,False,78580.0,77180.0,False,
17-3024,Electro-Mechanical and Mechatronics Technologists and Technicians,106,0.0002590045980445786,14680.0,14680.0,False,75710.0,70760.0,False,
17-3025,Environmental Engineering Technologists and Technicians,107,7.883619176391722e-05,12500.0,12500.0,False,63070.0,58890.0,False,
17-3026,Industrial Engineering Technologists and Technicians,108,0.0007881758055675797,73410.0,73410.0,False,69780.0,64790.0,False,
17-3027,Mechanical Engineering Technologists and Technicians,109,0.00037440179187644165,37450.0,37450.0,False,72450.0,68730.0,False,
17-3028,Calibration Technologists and Technicians,110,6.655884564558238e-05,15320.0,15320.0,False,71080.0,65040.0,False,
17-3029,"Engineering Technologists and Technicians, Except Drafters, All Other (##)",110,0.000468659708976568,64410.0,64410.0,False,79740.0,77390.0,False,
17-3031,Surveying and Mapping Technicians,111,0.0003717616135293146,56720.0,56720.0,False,56890.0,51940.0,False,
19-1011,Animal Scientists,112,9.638383863886871e-06,2470.0,2470.0,False,104970.0,79120.0,False,
19-1012,Food Scientists and Technologists,113,3.230173635548505e-05,14370.0,14370.0,False,92190.0,85310.0,False,
19-1013,Soil and Plant Scientists,114,0.0001128600443722628,16600.0,16600.0,False,83040.0,71410.0,False,
19-1021,Biochemists and Biophysicists,115,0.0001803992524662788,34520.0,34520.0,False,115570.0,103650.0,False,
19-1022,Microbiologists,116,4.588061569724115e-05,19760.0,19760.0,False,95200.0,87330.0,False,
19-1023,Zoologists and Wildlife Biologists,117,6.928059709791901e-05,16920.0,16920.0,False,77920.0,72860.0,False,
19-1029,"Biological Scientists, All Other",118,0.0016844553636348888,59710.0,59710.0,False,100440.0,93330.0,False,
19-1031,Conservation Scientists,119,0.000933389710853434,25590.0,25590.0,False,74310.0,67950.0,False,
19-1032,Foresters,120,6.988476440530762e-05,9650.0,9650.0,False,74670.0,70660.0,False,
19-1041,Epidemiologists,121,0.00015843150776508196,11460.0,11460.0,False,94160.0,83980.0,False,
19-1042,"Medical Scientists, Except Epidemiologists",122,0.0009690500602732167,156300.0,156300.0,False,112690.0,100590.0,False,
19-1099,"Life Scientists, All Other",123,0.0,7320.0,7320.0,False,101940.0,87800.0,False,
19-2011,Astronomers,124,1.2517249311449266e-05,1560.0,1560.0,False,134430.0,132170.0,False,
19-2012,Physicists,125,0.00011752632109852891,21340.0,21340.0,False,166000.0,166290.0,False,
19-2021,Atmospheric and Space Scientists,126,0.000235567448277387,8780.0,8780.0,False,103980.0,97450.0,False,
19-2031,Chemists,127,0.00021464618374937642,83250.0,83250.0,False,95940.0,84150.0,False,
19-2032,Materials Scientists,128,0.00010605812589202523,8330.0,8330.0,False,111410.0,104160.0,False,
19-2041,"Environmental Scientists and Specialists, Including Health",129,0.0020883161551470365,84930.0,84930.0,False,88640.0,80060.0,False,
19-2042,"Geoscientists, Except Hydrologists and Geographers",130,0.00020844043539478243,22510.0,22510.0,False,111310.0,99240.0,False,
19-2043,Hydrologists,131,3.7282150636988485e-05,5720.0,5720.0,False,98130.0,92060.0,False,
19-2099,"Physical Scientists, All Other",132,0.00019420353141209626,22580.0,22580.0,False,123070.0,117960.0,False,
19-3011,Economists,133,0.00026663056740728003,15880.0,15880.0,False,130910.0,115440.0,False,
19-3022,Survey Researchers,134,0.00014459886528404086,7720.0,7720.0,False,73470.0,63380.0,False,
19-3032,Industrial-Organizational Psychologists,135,5.799768480672807e-06,1050.0,1050.0,False,134400.0,109840.0,False,
19-3033,Clinical and Counseling Psychologists,136,0.0006768535228356248,72190.0,72190.0,False,106850.0,95830.0,False,
19-3034,School Psychologists,136,0.00044912064410413695,63830.0,63830.0,False,93610.0,86930.0,False,
19-3039,"Psychologists, All Other",137,6.731629396175474e-05,17790.0,17790.0,False,111340.0,117580.0,False,
19-3041,Sociologists,138,3.6958814029604216e-05,2950.0,2950.0,False,111670.0,101690.0,False,
19-3051,Urban and Regional Planners,139,0.00046848672253745153,43040.0,43040.0,False,89730.0,83720.0,False,
19-3091,Anthropologists and Archeologists,140,0.000172395749337973,8070.0,8070.0,False,71070.0,64910.0,False,
19-3092,Geographers,141,2.1410495452963043e-05,1380.0,1380.0,False,98160.0,97200.0,False,
19-3093,Historians,142,0.00032222456028341935,3140.0,3140.0,False,78470.0,74050.0,False,
19-3094,Political Scientists,143,9.189155476984815e-05,5950.0,5950.0,False,137600.0,139380.0,False,
19-3099,"Social Scientists and Related Workers, All Other",144,0.00033183517183197416,36970.0,36970.0,False,106440.0,100340.0,False,
19-4012,Agricultural Technicians,145,0.00016659708342742918,14340.0,14340.0,False,49680.0,46790.0,False,
19-4013,Food Science Technicians,145,3.479927074368914e-05,14200.0,14200.0,False,54400.0,49430.0,False,
19-4021,Biological Technicians,146,0.00030679983016146655,76190.0,76190.0,False,58020.0,52000.0,False,
19-4031,Chemical Technicians,147,0.00010521261387787653,55640.0,55640.0,False,61300.0,57790.0,False,
19-4042,"Environmental Science and Protection Technicians, Including Health",148,0.000176817108444897,39390.0,39390.0,False,56770.0,49490.0,False,
19-4043,"Geological Technicians, Except Hydrologic Technicians",149,9.796616329309459e-05,9710.0,9710.0,False,58220.0,48390.0,False,
19-4044,Hydrologic Technicians (##),149,2.8945969799929813e-05,2940.0,2940.0,False,64410.0,58570.0,False,
19-4051,Nuclear Technicians,150,7.86386632244298e-06,5990.0,5990.0,False,100730.0,104240.0,False,
19-4061,Social Science Research Assistants,151,0.0005412745429053446,32940.0,32940.0,False,63560.0,58040.0,False,
19-4071,Forest and Conservation Technicians,152,0.00015044745715486104,31080.0,31080.0,False,56660.0,54310.0,False,
19-4092,Forensic Science Technicians,153,0.00010276404392236696,19450.0,19450.0,False,75260.0,67440.0,False,
19-4099,"Life, Physical, and Social Science Technicians, All Other",149,0.0010167118299354034,71400.0,71400.0,False,64640.0,60130.0,False,
19-5011,Occupational Health and Safety Specialists,154,0.0013828790838908873,128430.0,128430.0,False,88660.0,83910.0,False,
19-5012,Occupational Health and Safety Technicians,155,9.150775485025018e-05,31450.0,31450.0,False,63800.0,58440.0,False,
21-1011,Substance Abuse and Behavioral Disorder Counselors,156,0.00015381912159262906,43105.0,,True,,,False,
21-1012,"Educational, Guidance, and Career Counselors and Advisors",157,0.0030826402191978493,342350.0,342350.0,False,71520.0,65140.0,False,
21-1013,Marriage and Family Therapists,158,0.00031175722219182583,65870.0,65870.0,False,72720.0,63780.0,False,
21-1014,Mental Health Counselors,159,0.000244797573891914,43105.0,,True,,,False,
21-1015,Rehabilitation Counselors,160,0.00027104840996686435,88930.0,88930.0,False,51260.0,46110.0,False,
21-1019,"Counselors, All Other",161,0.0,33340.0,33340.0,False,58070.0,49830.0,False,
21-1021,"Child, Family, and School Social Workers",162,0.005020926593735924,382960.0,382960.0,False,62920.0,58570.0,False,
21-1022,Healthcare Social Workers,163,0.0021309014520318964,185940.0,185940.0,False,72030.0,68090.0,False,
21-1023,Mental Health and Substance Abuse Social Workers,164,0.0013679543854659259,125910.0,125910.0,False,68290.0,60060.0,False,
21-1029,"Social Workers, All Other",165,0.0,64940.0,64940.0,False,74680.0,69480.0,False,
21-1091,Health Education Specialists,166,0.0003058902854492645,65150.0,65150.0,False,71700.0,63000.0,False,
21-1092,Probation Officers and Correctional Treatment Specialists,167,0.00033621078833507976,86820.0,86820.0,False,71530.0,64520.0,False,
21-1093,Social and Human Service Assistants,168,0.0015033286246276885,424220.0,424220.0,False,47090.0,45120.0,False,
21-1094,Community Health Workers,169,0.0016812424168749663,60730.0,60730.0,False,55970.0,51030.0,False,
21-1099,"Community and Social Service Specialists, All Other",170,0.0,110390.0,110390.0,False,58360.0,54940.0,False,
21-2011,Clergy,171,0.0019302004636487628,58080.0,58080.0,False,67160.0,60820.0,False,
21-2021,"Directors, Religious Activities and Education",172,0.000551462083712312,21460.0,21460.0,False,65040.0,54840.0,False,
21-2099,"Religious Workers, All Other",173,0.0,12170.0,12170.0,False,49830.0,45120.0,False,
23-1011,Lawyers,174,0.005569987309666404,747750.0,747750.0,False,182760.0,151160.0,False,
23-1012,Judicial Law Clerks,175,8.907474339935287e-05,13220.0,13220.0,False,69850.0,60400.0,False,
23-1021,"Administrative Law Judges, Adjudicators, and Hearing Officers",176,0.00010092416290901592,16230.0,16230.0,False,122620.0,115230.0,False,
23-1022,"Arbitrators, Mediators, and Conciliators",177,5.903735609946605e-05,7860.0,7860.0,False,91170.0,67710.0,False,
23-1023,"Judges, Magistrate Judges, and Magistrates",178,0.00015842399474961657,25580.0,25580.0,False,143110.0,156210.0,False,
23-2011,Paralegals and Legal Assistants,179,0.0024213468680108104,367220.0,367220.0,False,66510.0,61010.0,False,
23-2093,"Title Examiners, Abstractors, and Searchers",180,0.0003287361220462507,48170.0,48170.0,False,59600.0,54980.0,False,
23-2099,"Legal Support Workers, All Other",181,0.0,47380.0,47380.0,False,86220.0,68760.0,False,
25-1011,"Business Teachers, Postsecondary",182,0.0015823509621517985,81780.0,81780.0,False,113840.0,97270.0,False,
25-1021,"Computer Science Teachers, Postsecondary",183,0.0007156872748861796,36240.0,36240.0,False,105830.0,96690.0,False,
25-1022,"Mathematical Science Teachers, Postsecondary",184,0.0009601830873862241,48820.0,48820.0,False,92880.0,79350.0,False,
25-1031,"Architecture Teachers, Postsecondary",185,0.0001754872998969315,9120.0,9120.0,False,110360.0,101480.0,False,
25-1032,"Engineering Teachers, Postsecondary",186,0.003342472646735799,39910.0,39910.0,False,119340.0,106120.0,False,
25-1041,"Agricultural Sciences Teachers, Postsecondary",187,0.00016740564792799386,8700.0,8700.0,False,97790.0,86350.0,False,
25-1042,"Biological Science Teachers, Postsecondary",188,0.002140052195579361,53250.0,53250.0,False,101340.0,83460.0,False,
25-1043,"Forestry and Conservation Science Teachers, Postsecondary",189,5.330337698998944e-05,1310.0,1310.0,False,103780.0,100830.0,False,
25-1051,"Atmospheric, Earth, Marine, and Space Sciences Teachers, Postsecondary",190,0.00046711661667563266,11480.0,11480.0,False,112950.0,101390.0,False,
25-1052,"Chemistry Teachers, Postsecondary",191,0.00040997915043053726,20390.0,20390.0,False,103030.0,86220.0,False,
25-1053,"Environmental Science Teachers, Postsecondary",192,0.0002895130082841205,7130.0,7130.0,False,100360.0,87710.0,False,
25-1054,"Physics Teachers, Postsecondary",193,0.0002614991672806249,13590.0,13590.0,False,105460.0,97360.0,False,
25-1061,"Anthropology and Archeology Teachers, Postsecondary",194,0.00025567405002250405,5260.0,5260.0,False,102530.0,95770.0,False,
25-1062,"Area, Ethnic, and Cultural Studies Teachers, Postsecondary",195,0.0002199363857260885,11430.0,11430.0,False,97350.0,84290.0,False,
25-1063,"Economics Teachers, Postsecondary",196,0.00023898599393858434,12420.0,12420.0,False,133140.0,119980.0,False,
25-1064,"Geography Teachers, Postsecondary",197,6.438306322796336e-05,3290.0,3290.0,False,99020.0,86730.0,False,
25-1065,"Political Science Teachers, Postsecondary",198,0.0003303856293015695,17170.0,17170.0,False,105160.0,94680.0,False,
25-1066,"Psychology Teachers, Postsecondary",199,0.0017235598281775122,41610.0,41610.0,False,93530.0,80330.0,False,
25-1067,"Sociology Teachers, Postsecondary",200,0.0002398303003142236,12380.0,12380.0,False,97270.0,82540.0,False,
25-1069,"Social Sciences Teachers, Postsecondary, All Other",201,0.0,17540.0,17540.0,False,92950.0,75040.0,False,
25-1071,"Health Specialties Teachers, Postsecondary",202,0.004420278786438937,229720.0,229720.0,False,137900.0,105620.0,False,
25-1072,"Nursing Instructors and Teachers, Postsecondary",203,0.0014556653526333328,74250.0,74250.0,False,87090.0,79940.0,False,
25-1081,"Education Teachers, Postsecondary",204,0.0011380428737528356,59090.0,59090.0,False,78500.0,72090.0,False,
25-1082,"Library Science Teachers, Postsecondary",205,0.0003426345784285796,4100.0,4100.0,False,84320.0,78630.0,False,
25-1111,"Criminal Justice and Law Enforcement Teachers, Postsecondary",206,0.0002666121922465174,13560.0,13560.0,False,84820.0,71470.0,False,
25-1112,"Law Teachers, Postsecondary",207,0.00043871824974232876,22800.0,22800.0,False,139950.0,126650.0,False,
25-1113,"Social Work Teachers, Postsecondary",208,0.0002586215273986175,13350.0,13350.0,False,81880.0,76210.0,False,
25-1121,"Art, Drama, and Music Teachers, Postsecondary",209,0.001883602169617393,97890.0,97890.0,False,102240.0,80190.0,False,
25-1122,"Communications Teachers, Postsecondary",210,0.0005630217538359886,29260.0,29260.0,False,90340.0,77800.0,False,
25-1123,"English Language and Literature Teachers, Postsecondary",211,0.0050420970478911795,59590.0,59590.0,False,90400.0,78270.0,False,
25-1124,"Foreign Language and Literature Teachers, Postsecondary",212,0.0004162374712285232,21170.0,21170.0,False,87670.0,77010.0,False,
25-1125,"History Teachers, Postsecondary",213,0.0007980795098712987,19860.0,19860.0,False,93710.0,81500.0,False,
25-1126,"Philosophy and Religion Teachers, Postsecondary",214,0.0004010038738872864,20840.0,20840.0,False,88210.0,78050.0,False,
25-1192,"Family and Consumer Sciences Teachers, Postsecondary",215,5.119290788366102e-05,2630.0,2630.0,False,84450.0,77280.0,False,
25-1193,"Recreation and Fitness Studies Teachers, Postsecondary",216,0.00024398892134792669,12680.0,12680.0,False,87980.0,75890.0,False,
25-1194,"Career/Technical Education Teachers, Postsecondary",217,0.0010404554389601963,111150.0,111150.0,False,68710.0,61490.0,False,
25-1199,"Postsecondary Teachers, All Other",218,0.0,151530.0,151530.0,False,94470.0,78490.0,False,
25-2011,"Preschool Teachers, Except Special Education",219,0.0041942163343927745,445080.0,445080.0,False,41450.0,37120.0,False,
25-2012,"Kindergarten Teachers, Except Special Education",220,0.0010975037182439772,114410.0,114410.0,False,67020.0,61430.0,False,
25-2021,"Elementary School Teachers, Except Special Education",221,0.013202980414498952,1393310.0,1393310.0,False,69790.0,62340.0,False,
25-2022,"Middle School Teachers, Except Special and Career/Technical Education",222,0.0058786149239887136,620370.0,620370.0,False,70040.0,62970.0,False,
25-2023,"Career/Technical Education Teachers, Middle School",223,0.0001313929757884466,14200.0,14200.0,False,68690.0,63620.0,False,
25-2031,"Secondary School Teachers, Except Special and Career/Technical Education",224,0.009924241003671869,1072540.0,1072540.0,False,73700.0,64580.0,False,
25-2032,"Career/Technical Education Teachers, Secondary School",225,0.0010097851193625394,104450.0,104450.0,False,70550.0,63910.0,False,
25-2051,"Special Education Teachers, Preschool",226,0.00026363362633372543,28200.0,28200.0,False,72610.0,62190.0,False,
25-2055,"Special Education Teachers, Kindergarten",227,0.0003799911439570308,43105.0,,True,,,False,
25-2056,"Special Education Teachers, Elementary School",227,0.00035264745541907456,43105.0,,True,,,False,
25-2057,"Special Education Teachers, Middle School",228,0.0009020462913879035,95330.0,95330.0,False,72310.0,64880.0,False,
25-2058,"Special Education Teachers, Secondary School",229,0.0015252111536005009,162780.0,162780.0,False,74610.0,69590.0,False,
25-2059,"Special Education Teachers, All Other",230,0.0003580328659620805,39350.0,39350.0,False,74180.0,67430.0,False,
25-3011,"Adult Basic Education, Adult Secondary Education, and English as a Second Language Instructors",231,0.0003899319008172498,36260.0,36260.0,False,64660.0,59950.0,False,
25-3021,Self-Enrichment Teachers,232,0.0055722289835902755,308520.0,308520.0,False,53330.0,45590.0,False,
25-3031,"Substitute Teachers, Short-Term",233,0.0013974495007747791,481300.0,481300.0,False,44930.0,38470.0,False,
25-3041,Tutors,233,0.001603577769278199,174660.0,174660.0,False,47780.0,40090.0,False,
25-3099,"Teachers and Instructors, All Other",233,0.0,125010.0,125010.0,False,71610.0,64690.0,False,
25-4011,Archivists,234,0.0005316096469668438,7050.0,7050.0,False,67620.0,61570.0,False,
25-4012,Curators,235,0.0004021444047852663,12280.0,12280.0,False,70060.0,61770.0,False,
25-4013,Museum Technicians and Conservators,236,0.00012481627840125144,13070.0,13070.0,False,53630.0,47460.0,False,
25-4022,Librarians and Media Collections Specialists (##),237,0.0009449865070600268,131830.0,131830.0,False,69180.0,64320.0,False,
25-4031,Library Technicians,238,0.0014960920645677464,73770.0,73770.0,False,43050.0,39970.0,False,
25-9021,Farm and Home Management Educators,239,0.0002243536844215907,10260.0,10260.0,False,60470.0,58120.0,False,
25-9031,Instructional Coordinators,240,0.015482006675840564,210850.0,210850.0,False,77600.0,74720.0,False,
25-9042,"Teaching Assistants, Preschool, Elementary, Middle, and Secondary School, Except Special Education",241,0.00035967284766386034,43105.0,,True,,,False,
25-9043,"Teaching Assistants, Special Education",241,0.00039352484227723176,43105.0,,True,,,False,
25-9044,"Teaching Assistants, Postsecondary",242,0.0014992359032610521,155010.0,155010.0,False,47560.0,44930.0,False,
25-9049,"Teaching Assistants, All Other",241,0.0,43105.0,,True,,,False,
25-9099,"Educational Instruction and Library Workers, All Other",243,0.0,114640.0,114640.0,False,55700.0,48400.0,False,
27-1011,Art Directors,244,0.0009374937376509802,50370.0,50370.0,False,128100.0,111040.0,False,
27-1012,Craft Artists,245,2.935039668697797e-05,4370.0,4370.0,False,45340.0,38480.0,False,
27-1013,"Fine Artists, Including Painters, Sculptors, and Illustrators",246,9.452499572193151e-05,10000.0,10000.0,False,76450.0,60560.0,False,
27-1014,Special Effects Artists and Animators,247,0.00012757039319733504,21280.0,21280.0,False,110110.0,99800.0,False,
27-1019,"Artists and Related Workers, All Other",248,0.0,7370.0,7370.0,False,79490.0,72760.0,False,
27-1021,Commercial and Industrial Designers,249,0.00027494195547363083,30250.0,30250.0,False,88000.0,79450.0,False,
27-1022,Fashion Designers,250,0.0003490261302013935,20910.0,20910.0,False,122430.0,80690.0,False,
27-1023,Floral Designers,251,0.0001723760609547254,40160.0,40160.0,False,37700.0,36120.0,False,
27-1024,Graphic Designers,252,0.017456863771568888,214260.0,214260.0,False,68610.0,61300.0,False,
27-1025,Interior Designers,253,0.000535528183023338,69580.0,69580.0,False,71430.0,63490.0,False,
27-1026,Merchandise Displayers and Window Trimmers,254,0.0012891415754918275,192480.0,192480.0,False,40540.0,37350.0,False,
27-1027,Set and Exhibit Designers,255,0.00013949915680714275,10850.0,10850.0,False,78450.0,66280.0,False,
27-1029,"Designers, All Other",256,0.0,9680.0,9680.0,False,78000.0,66220.0,False,
27-2011,Actors,257,0.0005707429534544884,38800.0,38800.0,False,,,False,
27-2012,Producers and Directors,258,0.015893271467448088,145270.0,145270.0,False,114280.0,83480.0,False,
27-2021,Athletes and Sports Competitors,259,3.973358705642914e-05,14370.0,14370.0,False,259750.0,62360.0,False,
27-2022,Coaches and Scouts,260,0.0010046446801222058,250940.0,250940.0,False,58910.0,45920.0,False,
27-2023,"Umpires, Referees, and Other Sports Officials",261,6.423887882155533e-05,15080.0,15080.0,False,52800.0,38820.0,False,
27-2031,Dancers,262,7.821650256837927e-05,9060.0,9060.0,False,,,False,
27-2032,Choreographers,263,7.717648173926571e-05,3430.0,3430.0,False,62020.0,55600.0,False,
27-2041,Music Directors and Composers,264,0.00031664901577904605,12330.0,12330.0,False,84230.0,63670.0,False,
27-2042,Musicians and Singers,265,0.0003382374485569521,38350.0,38350.0,False,,,False,
27-2091,"Disc Jockeys, Except Radio",266,7.792683784395849e-05,8170.0,8170.0,False,,,False,
27-2099,"Entertainers and Performers, Sports and Related Workers, All Other",266,0.0,15040.0,15040.0,False,,,False,
27-3011,Broadcast Announcers and Radio Disc Jockeys,267,0.0023416132422415174,23880.0,23880.0,False,80110.0,45680.0,False,
27-3023,"News Analysts, Reporters, and Journalists (##)",268,0.0037264592877086222,41550.0,41550.0,False,106030.0,60280.0,False,
27-3031,Public Relations Specialists,269,0.023058216810928858,280590.0,280590.0,False,80310.0,69780.0,False,
27-3041,Editors,270,0.008501623233332924,95480.0,95480.0,False,85700.0,75260.0,False,
27-3042,Technical Writers,271,0.0048905102764726,55530.0,55530.0,False,92330.0,91670.0,False,
27-3043,Writers and Authors,272,0.004406128512131255,47800.0,47800.0,False,85780.0,72270.0,False,
27-3091,Interpreters and Translators,273,0.004598770465564744,53360.0,53360.0,False,64950.0,59440.0,False,
27-3092,Court Reporters and Simultaneous Captioners,274,3.7323509290702264e-05,12630.0,12630.0,False,74630.0,67310.0,False,
27-3099,"Media and Communication Workers, All Other (##)",275,0.0,23590.0,23590.0,False,84870.0,71770.0,False,
27-4011,Audio and Video Technicians,276,0.0018525168733889864,70080.0,70080.0,False,61370.0,54830.0,False,
27-4012,Broadcast Technicians,277,7.345549666692882e-05,21080.0,21080.0,False,64220.0,53920.0,False,
27-4014,Sound Engineering Technicians,278,5.168548616628053e-05,13050.0,13050.0,False,79280.0,66430.0,False,
27-4015,Lighting Technicians,279,0.00014687752865202036,10130.0,10130.0,False,70000.0,60560.0,False,
27-4021,Photographers,280,0.0007963583139988869,51230.0,51230.0,False,55650.0,42520.0,False,
27-4031,"Camera Operators, Television, Video, and Film",281,0.00028901418617691273,24460.0,24460.0,False,79870.0,68810.0,False,
27-4032,Film and Video Editors,282,0.0009821231202149735,28860.0,28860.0,False,83530.0,70980.0,False,
27-4099,"Media and Communication Equipment Workers, All Other",279,0.0,13020.0,13020.0,False,78350.0,67190.0,False,
29-1011,Chiropractors,283,5.5131000035605976e-05,37630.0,37630.0,False,91830.0,79000.0,False,
29-1021,"Dentists, General",284,0.0007185958187779055,113490.0,113490.0,False,196100.0,172790.0,False,
29-1022,Oral and Maxillofacial Surgeons,285,7.589169506927341e-07,5330.0,5330.0,False,360240.0,,False,
29-1023,Orthodontists,286,4.765092566835886e-06,5150.0,5150.0,False,254620.0,,False,
29-1024,Prosthodontists,287,2.4623514963607574e-08,760.0,760.0,False,258660.0,,False,
29-1029,"Dentists, All Other Specialists",288,0.0,5900.0,5900.0,False,246530.0,225770.0,False,
29-1031,Dietitians and Nutritionists,289,0.002402032647737495,76570.0,76570.0,False,74770.0,73850.0,False,
29-1041,Optometrists,290,2.041920985792115e-05,41890.0,41890.0,False,140940.0,134830.0,False,
29-1051,Pharmacists,291,0.001909589644228164,328870.0,328870.0,False,137210.0,137480.0,False,
29-1071,Physician Assistants,292,0.000140485157347395,155540.0,155540.0,False,136900.0,133260.0,False,
29-1081,Podiatrists,293,1.1423285025216896e-05,9520.0,9520.0,False,163960.0,152800.0,False,
29-1122,Occupational Therapists,294,0.0015559710003619266,152280.0,152280.0,False,98240.0,98340.0,False,
29-1123,Physical Therapists,295,0.0011255003394251629,248630.0,248630.0,False,102400.0,101020.0,False,
29-1124,Radiation Therapists,296,3.309850727225384e-05,18700.0,18700.0,False,110820.0,101990.0,False,
29-1125,Recreational Therapists,297,2.6839890124602276e-05,15060.0,15060.0,False,65350.0,60280.0,False,
29-1126,Respiratory Therapists,298,5.7856075658894944e-05,136420.0,136420.0,False,84260.0,80450.0,False,
29-1127,Speech-Language Pathologists,299,0.0018426533227048397,178790.0,178790.0,False,95840.0,95410.0,False,
29-1128,Exercise Physiologists,300,3.151072420240017e-05,8110.0,8110.0,False,59620.0,58160.0,False,
29-1129,"Therapists, All Other",301,0.0001525182573267555,19320.0,19320.0,False,73800.0,65010.0,False,
29-1131,Veterinarians,302,0.0002866874239560133,80630.0,80630.0,False,140270.0,125510.0,False,
29-1141,Registered Nurses,303,0.022013875434533203,3282010.0,3282010.0,False,98430.0,93600.0,False,
29-1151,Nurse Anesthetists,304,5.7341324523309415e-05,50350.0,50350.0,False,231700.0,223210.0,False,
29-1161,Nurse Midwives,305,2.7326974523479473e-05,8280.0,8280.0,False,128110.0,128790.0,False,
29-1171,Nurse Practitioners,306,0.0006661703081149853,307390.0,307390.0,False,132000.0,129210.0,False,
29-1181,Audiologists,307,5.9874274926281356e-05,14730.0,14730.0,False,95320.0,92120.0,False,
29-1211,Anesthesiologists,308,7.305694293684541e-05,41890.0,41890.0,False,336640.0,,False,
29-1212,Cardiologists,309,5.069975734750214e-05,18020.0,18020.0,False,432490.0,,False,
29-1213,Dermatologists,309,2.1598810559222076e-05,10080.0,10080.0,False,347810.0,,False,
29-1214,Emergency Medicine Physicians,309,3.442209420937747e-05,33680.0,33680.0,False,320700.0,,False,
29-1215,Family Medicine Physicians,310,0.0002548330586628854,107950.0,107950.0,False,256830.0,238380.0,False,
29-1216,General Internal Medicine Physicians,311,0.0002244321178016899,66640.0,66640.0,False,262710.0,236350.0,False,
29-1217,Neurologists,309,2.2115393176560873e-05,7700.0,7700.0,False,286310.0,,False,
29-1218,Obstetricians and Gynecologists,312,6.456789719767791e-05,19900.0,19900.0,False,281130.0,,False,
29-1221,"Pediatricians, General",313,0.00015532059428655388,42960.0,42960.0,False,222340.0,210130.0,False,
29-1222,"Physicians, Pathologists",309,5.2573478025881316e-05,11800.0,11800.0,False,266020.0,,False,
29-1223,Psychiatrists,314,8.87665181123474e-05,24800.0,24800.0,False,269120.0,,False,
29-1224,Radiologists,309,7.35154465245673e-05,26290.0,26290.0,False,359820.0,,False,
29-1229,"Physicians, All Other",309,0.003078964702836421,315360.0,315360.0,False,253470.0,,False,
29-1241,"Ophthalmologists, Except Pediatric",309,2.737030811802461e-05,12110.0,12110.0,False,301500.0,,False,
29-1242,"Orthopedic Surgeons, Except Pediatric",315,2.6421041028544294e-05,14160.0,14160.0,False,365060.0,,False,
29-1243,Pediatric Surgeons,315,2.304742371167232e-06,1050.0,1050.0,False,450810.0,,False,
29-1249,"Surgeons, All Other",315,0.0,24080.0,24080.0,False,371280.0,,False,
29-1291,Acupuncturists,316,9.447842668906382e-06,8440.0,8440.0,False,89750.0,78140.0,False,
29-1292,Dental Hygienists,317,0.00016392885824369706,219070.0,219070.0,False,93890.0,94260.0,False,
29-1299,"Healthcare Diagnosing or Treating Practitioners, All Other",316,0.00011881188747623096,30870.0,30870.0,False,128680.0,113730.0,False,
29-2011,Medical and Clinical Laboratory Technologists,318,0.001375765780459477,171520.0,171520.0,False,65320.0,61890.0,True,29-2010
29-2012,Medical and Clinical Laboratory Technicians,319,0.0003434542047524357,171520.0,171520.0,False,65320.0,61890.0,True,29-2010
29-2031,Cardiovascular Technologists and Technicians,320,0.00012908049084077151,61180.0,61180.0,False,72890.0,67260.0,False,
29-2032,Diagnostic Medical Sonographers,321,0.0003475752417272842,86460.0,86460.0,False,92550.0,89340.0,False,
29-2033,Nuclear Medicine Technologists,322,1.6508018788450076e-05,16960.0,16960.0,False,99690.0,97020.0,False,
29-2034,Radiologic Technologists and Technicians,323,0.0006087621444310425,223460.0,223460.0,False,79760.0,77660.0,False,
29-2035,Magnetic Resonance Imaging Technologists,324,0.00012130825721011148,41530.0,41530.0,False,91020.0,88180.0,False,
29-2036,Medical Dosimetrists,325,1.6746450390095867e-05,3970.0,3970.0,False,141420.0,138110.0,False,
29-2042,Emergency Medical Technicians,326,6.990027865030767e-05,177980.0,177980.0,False,44790.0,41340.0,False,
29-2043,Paramedics,326,4.262297180487133e-05,99530.0,99530.0,False,60610.0,58410.0,False,
29-2051,Dietetic Technicians,327,7.771935646014427e-05,29950.0,29950.0,False,39560.0,37040.0,False,
29-2052,Pharmacy Technicians,328,0.0009371321388637393,487920.0,487920.0,False,44800.0,43460.0,False,
29-2053,Psychiatric Technicians,329,9.14512269484678e-05,136300.0,136300.0,False,45000.0,42590.0,False,
29-2055,Surgical Technologists,330,6.4416113281057e-06,113890.0,113890.0,False,65810.0,62830.0,False,
29-2056,Veterinary Technologists and Technicians,331,0.00022698750280219186,131320.0,131320.0,False,46280.0,45980.0,False,
29-2057,Ophthalmic Medical Technicians,332,4.883075730372463e-05,76520.0,76520.0,False,45360.0,44080.0,False,
29-2061,Licensed Practical and Licensed Vocational Nurses,333,0.0008136243889875922,632430.0,632430.0,False,64150.0,62340.0,False,
29-2072,Medical Records Specialists,334,0.0004890122079597729,187910.0,187910.0,False,55970.0,50250.0,False,
29-2081,"Opticians, Dispensing",335,0.00015122281376878514,79690.0,79690.0,False,49970.0,46560.0,False,
29-2091,Orthotists and Prosthetists,336,1.613951671845833e-05,9930.0,9930.0,False,81330.0,78310.0,False,
29-2092,Hearing Aid Specialists,337,1.1385357389537947e-05,10580.0,10580.0,False,63930.0,61560.0,False,
29-2099,"Health Technologists and Technicians, All Other (##)",325,0.0018908603422174712,174060.0,174060.0,False,56370.0,48790.0,False,
29-9021,Health Information Technologists and Medical Registrars (##),334,0.00035295676654538926,37620.0,37620.0,False,73410.0,67310.0,False,
29-9091,Athletic Trainers,338,0.00011007074251615943,28950.0,28950.0,False,63960.0,60250.0,False,
29-9092,Genetic Counselors,339,3.4432818677337665e-05,3510.0,3510.0,False,102890.0,98910.0,False,
29-9093,Surgical Assistants,334,8.605309688859275e-06,22860.0,22860.0,False,67190.0,60290.0,False,
29-9099,"Healthcare Practitioners and Technical Workers, All Other",334,0.0001490068719531748,36970.0,36970.0,False,73200.0,64030.0,False,
31-1121,Home Health Aides,340,0.0008070758612614541,1994070.0,1994070.0,False,34990.0,34900.0,True,31-1120
31-1122,Personal Care Aides,341,0.0032285819739738503,1994070.0,1994070.0,False,34990.0,34900.0,True,31-1120
31-1131,Nursing Assistants,342,0.0015242304647557384,1388430.0,1388430.0,False,41270.0,39530.0,False,
31-1132,Orderlies,343,5.157164904288395e-05,53020.0,53020.0,False,40070.0,37700.0,False,
31-1133,Psychiatric Aides,344,4.2435099162719204e-05,34900.0,34900.0,False,43610.0,41590.0,False,
31-2011,Occupational Therapy Assistants,345,0.00010587252132896081,47910.0,47910.0,False,68540.0,68340.0,False,
31-2012,Occupational Therapy Aides,346,8.847067881283617e-06,5000.0,5000.0,False,41850.0,37370.0,False,
31-2021,Physical Therapist Assistants,347,0.00020612708565520546,108010.0,108010.0,False,67160.0,65510.0,False,
31-2022,Physical Therapist Aides,348,4.360481860576541e-05,44010.0,44010.0,False,35510.0,34520.0,False,
31-9011,Massage Therapists,349,6.907675680864181e-05,96040.0,96040.0,False,63430.0,57950.0,False,
31-9091,Dental Assistants,350,0.00024540752414975,375430.0,375430.0,False,48860.0,47300.0,False,
31-9092,Medical Assistants,351,0.0011837536466198053,793460.0,793460.0,False,44720.0,44200.0,False,
31-9093,Medical Equipment Preparers,352,1.1313159871273993e-05,72760.0,72760.0,False,48990.0,46490.0,False,
31-9094,Medical Transcriptionists,353,8.148655045361327e-05,43070.0,43070.0,False,39210.0,37550.0,False,
31-9095,Pharmacy Aides,354,2.5596206346462564e-05,41100.0,41100.0,False,40290.0,37000.0,False,
31-9096,Veterinary Assistants and Laboratory Animal Caretakers,355,0.00022908710389022246,114190.0,114190.0,False,38990.0,37320.0,False,
31-9097,Phlebotomists,356,0.000249059510825266,138880.0,138880.0,False,44390.0,43660.0,False,
31-9099,"Healthcare Support Workers, All Other",357,0.0002634437088059119,103650.0,103650.0,False,48760.0,46050.0,False,
33-1011,First-Line Supervisors of Correctional Officers,358,8.316046838495294e-05,53390.0,53390.0,False,82260.0,76310.0,False,
33-1012,First-Line Supervisors of Police and Detectives,359,0.00043264110825690913,153130.0,153130.0,False,110990.0,105980.0,False,
33-1021,First-Line Supervisors of Fire Fighting and Prevention Workers,360,9.508294683387329e-05,93680.0,93680.0,False,97030.0,92430.0,False,
33-1091,First-Line Supervisors of Security Workers,361,0.00020553715266455013,70310.0,70310.0,False,62990.0,58610.0,False,
33-1099,"First-Line Supervisors of Protective Service Workers, All Other",361,0.0,20460.0,20460.0,False,73320.0,74960.0,False,
33-2011,Firefighters,362,0.0004886145360627385,332240.0,332240.0,False,63890.0,59530.0,False,
33-2021,Fire Inspectors and Investigators,363,5.677734393991841e-05,14050.0,14050.0,False,87440.0,78060.0,False,
33-2022,Forest Fire Inspectors and Prevention Specialists,364,1.6639710868091013e-06,2780.0,2780.0,False,61820.0,52380.0,False,
33-3011,Bailiffs,365,1.986211063079381e-05,16910.0,16910.0,False,62180.0,57050.0,False,
33-3012,Correctional Officers and Jailers,366,0.0006132875683165351,365380.0,365380.0,False,62760.0,57970.0,False,
33-3021,Detectives and Criminal Investigators,367,0.0012095493325222598,110790.0,110790.0,False,98770.0,93580.0,False,
33-3031,Fish and Game Wardens,368,2.195800333641028e-05,6420.0,6420.0,False,67990.0,68180.0,False,
33-3041,Parking Enforcement Workers,369,4.358148996570932e-05,7770.0,7770.0,False,51840.0,47150.0,False,
33-3051,Police and Sheriff's Patrol Officers,370,0.005402745431207727,666990.0,666990.0,False,79320.0,76290.0,False,
33-3052,Transit and Railroad Police,371,2.0746096816502027e-06,3000.0,3000.0,False,91820.0,82320.0,False,
33-9011,Animal Control Workers,372,3.3379903473923455e-05,11790.0,11790.0,False,49240.0,45830.0,False,
33-9021,Private Detectives and Investigators,373,0.00022677610690475047,38700.0,38700.0,False,61680.0,52370.0,False,
33-9031,Gambling Surveillance Officers and Gambling Investigators,374,1.9083872429240487e-05,10000.0,10000.0,False,46710.0,43900.0,False,
33-9032,Security Guards,375,0.0008841105885575734,1241770.0,1241770.0,False,42890.0,38370.0,False,
33-9091,Crossing Guards and Flaggers,376,0.00020470879904933487,90180.0,90180.0,False,42910.0,37700.0,False,
33-9092,"Lifeguards, Ski Patrol, and Other Recreational Protective Service Workers",377,0.00024166496647630642,143590.0,143590.0,False,34700.0,33720.0,False,
33-9093,Transportation Security Screeners,378,0.00010153327776136337,46340.0,46340.0,False,61840.0,63360.0,False,
33-9094,School Bus Monitors,379,0.00018768628231716447,72140.0,72140.0,False,35270.0,34980.0,False,
33-9099,"Protective Service Workers, All Other",379,0.00016367505554594827,83110.0,83110.0,False,48210.0,41600.0,False,
35-1011,Chefs and Head Cooks,380,0.0003426444646095627,182320.0,182320.0,False,64720.0,60990.0,False,
35-1012,First-Line Supervisors of Food Preparation and Serving Workers,381,0.0010945680533059102,1187460.0,1187460.0,False,44900.0,42010.0,False,
35-2011,"Cooks, Fast Food",382,8.115700959496838e-05,668230.0,668230.0,False,31140.0,30160.0,False,
35-2012,"Cooks, Institution and Cafeteria",383,0.00014475263153967223,448260.0,448260.0,False,37310.0,36450.0,False,
35-2013,"Cooks, Private Household",384,1.4550405525194046e-06,900.0,900.0,False,51290.0,44530.0,False,
35-2014,"Cooks, Restaurant",385,0.0006117230702286405,1452130.0,1452130.0,False,37730.0,36830.0,False,
35-2015,"Cooks, Short Order",386,8.814706637637928e-06,150420.0,150420.0,False,35660.0,35620.0,False,
35-2019,"Cooks, All Other",387,0.0,23590.0,23590.0,False,38000.0,36210.0,False,
35-2021,Food Preparation Workers,388,0.0005715968928393418,888770.0,888770.0,False,33940.0,34220.0,False,
35-3011,Bartenders,389,0.00016786882776102913,745610.0,745610.0,False,39880.0,33530.0,False,
35-3023,Fast Food and Counter Workers (##),390,0.03297313780964776,3780930.0,3780930.0,False,31350.0,30480.0,False,
35-3031,Waiters and Waitresses,391,0.0018683883683226316,2302690.0,2302690.0,False,38360.0,33760.0,False,
35-3041,"Food Servers, Nonrestaurant",392,0.00010763981381858785,271780.0,271780.0,False,35030.0,34460.0,False,
35-9011,Dining Room and Cafeteria Attendants and Bartender Helpers,393,0.0001453592123158991,522010.0,522010.0,False,34190.0,32670.0,False,
35-9021,Dishwashers,394,1.3965263947629262e-05,471670.0,471670.0,False,33220.0,33670.0,False,
35-9031,"Hosts and Hostesses, Restaurant, Lounge, and Coffee Shop",395,0.0004163308538830726,427150.0,427150.0,False,32030.0,30380.0,False,
35-9099,"Food Preparation and Serving Related Workers, All Other",396,0.0,89580.0,89580.0,False,35990.0,34830.0,False,
37-1011,First-Line Supervisors of Housekeeping and Janitorial Workers,397,0.00032080345796107253,174660.0,174660.0,False,51170.0,47520.0,False,
37-1012,"First-Line Supervisors of Landscaping, Lawn Service, and Groundskeeping Workers",398,0.00038377136405456566,124130.0,124130.0,False,59380.0,56170.0,False,
37-2011,"Janitors and Cleaners, Except Maids and Housekeeping Cleaners",399,0.0008557494883337563,2199900.0,2199900.0,False,37460.0,35930.0,False,
37-2012,Maids and Housekeeping Cleaners,400,0.00018255847738808906,854910.0,854910.0,False,36180.0,34660.0,False,
37-2019,"Building Cleaning Workers, All Other",401,0.0,16370.0,16370.0,False,44150.0,42360.0,False,
37-2021,Pest Control Workers,402,6.585297161729583e-05,96110.0,96110.0,False,45800.0,44730.0,False,
37-3011,Landscaping and Groundskeeping Workers,403,0.0014891134787379213,943430.0,943430.0,False,40880.0,38090.0,False,
37-3012,"Pesticide Handlers, Sprayers, and Applicators, Vegetation",404,1.263401296796104e-06,25200.0,25200.0,False,45960.0,45200.0,False,
37-3013,Tree Trimmers and Pruners,405,7.678475959992605e-05,47870.0,47870.0,False,54970.0,50430.0,False,
37-3019,"Grounds Maintenance Workers, All Other",406,0.0,13580.0,13580.0,False,47180.0,43410.0,False,
39-1013,First-line Supervisors of Gambling Services Workers (##),407,8.908458196931957e-05,25530.0,25530.0,False,62600.0,61590.0,False,
39-1014,"First-line Supervisors of Entertainment and Recreation Workers, Except Gambling Services",408,0.0002666685801746729,92830.0,92830.0,False,51400.0,46900.0,False,
39-1022,First-Line Supervisors of Personal Service Workers,408,0.00023794853041678537,107060.0,107060.0,False,50920.0,47080.0,False,
39-2011,Animal Trainers,409,3.5796898632213734e-05,20110.0,20110.0,False,45780.0,38750.0,False,
39-2021,Animal Caretakers,410,0.0011746530483492752,277300.0,277300.0,False,34750.0,33470.0,False,
39-3011,Gambling Dealers,411,0.0002533137810957834,82980.0,82980.0,False,40420.0,33280.0,False,
39-3012,Gambling and Sports Book Writers and Runners,412,2.4500071679276656e-05,7600.0,7600.0,False,32570.0,30460.0,False,
39-3019,"Gambling Service Workers, All Other",413,0.0,14920.0,14920.0,False,37590.0,34530.0,False,
39-3021,Motion Picture Projectionists,414,1.3181701969887903e-06,1950.0,1950.0,False,50290.0,38180.0,False,
39-3031,"Ushers, Lobby Attendants, and Ticket Takers",415,0.00018397807665375727,119210.0,119210.0,False,31770.0,31150.0,False,
39-3091,Amusement and Recreation Attendants,416,0.0010281037075516913,371590.0,371590.0,False,31350.0,30490.0,False,
39-3092,Costume Attendants,417,5.4230837367863465e-05,6290.0,6290.0,False,65890.0,54810.0,False,
39-3093,"Locker Room, Coatroom, and Dressing Room Attendants",418,3.157880799284677e-05,14960.0,14960.0,False,36490.0,34800.0,False,
39-3099,"Entertainment Attendants and Related Workers, All Other",419,0.0,8060.0,8060.0,False,36180.0,34550.0,False,
39-4011,Embalmers,420,2.2474197706852905e-06,3420.0,3420.0,False,57520.0,56280.0,False,
39-4012,Crematory Operators,421,6.370943255735793e-06,2950.0,2950.0,False,44790.0,42880.0,False,
39-4021,Funeral Attendants,422,0.00020581394671268001,30560.0,30560.0,False,35900.0,34610.0,False,
39-4031,"Morticians, Undertakers, and Funeral Arrangers",423,0.00012052601988967558,25700.0,25700.0,False,56340.0,49800.0,False,
39-5011,Barbers,424,3.324751422798976e-05,18100.0,18100.0,False,47800.0,38960.0,False,
39-5012,"Hairdressers, Hairstylists, and Cosmetologists",425,0.0013285184762722242,295460.0,295460.0,False,43460.0,35250.0,False,
39-5091,"Makeup Artists, Theatrical and Performance",426,3.0043897760494363e-05,3320.0,3320.0,False,75410.0,50280.0,False,
39-5092,Manicurists and Pedicurists,427,0.00020003241058965413,147820.0,147820.0,False,36910.0,34660.0,False,
39-5093,Shampooers,428,4.574956334152226e-06,8890.0,8890.0,False,30830.0,31470.0,False,
39-5094,Skincare Specialists,429,7.874933761301231e-05,70240.0,70240.0,False,48670.0,41560.0,False,
39-6011,Baggage Porters and Bellhops,430,5.805563867715795e-05,31220.0,31220.0,False,36960.0,36020.0,False,
39-6012,Concierges,431,3.3723990421046644e-05,44200.0,44200.0,False,40770.0,37320.0,False,
39-7011,Tour Guides and Escorts,432,0.0006460469560739007,24505.0,24505.0,False,43090.0,36660.0,True,39-7010
39-7012,Travel Guides,433,5.8002593562628584e-05,24505.0,24505.0,False,43090.0,36660.0,True,39-7010
39-9011,Childcare Workers,434,0.001572152466770362,520180.0,520180.0,False,33140.0,32050.0,False,
39-9031,Exercise Trainers and Group Fitness Instructors,435,0.0009830504664991287,303620.0,303620.0,False,51360.0,46180.0,False,
39-9032,Recreation Workers,436,0.0025650233274717373,309640.0,309640.0,False,37170.0,35380.0,False,
39-9041,Residential Advisors,437,0.00024415678588493616,82810.0,82810.0,False,41590.0,39180.0,False,
39-9099,"Personal Care and Service Workers, All Other",421,0.0,62390.0,62390.0,False,37990.0,37900.0,False,
41-1011,First-Line Supervisors of Retail Sales Workers,438,0.0021016036523255734,1113160.0,1113160.0,False,52350.0,47320.0,False,
41-1012,First-Line Supervisors of Non-Retail Sales Workers,439,0.0012674619298315322,219010.0,219010.0,False,97870.0,84130.0,False,
41-2011,Cashiers,440,0.0076043163631008505,3148030.0,3148030.0,False,31810.0,31190.0,False,
41-2012,Gambling Change Persons and Booth Cashiers,441,7.796947067503383e-05,21930.0,21930.0,False,36820.0,34810.0,False,
41-2021,Counter and Rental Clerks,442,0.002299162453905999,398620.0,398620.0,False,43700.0,38540.0,False,
41-2022,Parts Salespersons,443,0.0007633880534180822,265060.0,265060.0,False,42390.0,37440.0,False,
41-2031,Retail Salespersons,444,0.012051786616814327,3800250.0,3800250.0,False,37150.0,34580.0,False,
41-3011,Advertising Sales Agents,445,0.0012507866758797686,97470.0,97470.0,False,76350.0,61460.0,False,
41-3021,Insurance Sales Agents,446,0.008619032288689862,469480.0,469480.0,False,81510.0,60370.0,False,
41-3031,"Securities, Commodities, and Financial Services Sales Agents",447,0.00598388115510324,472300.0,472300.0,False,110400.0,78140.0,False,
41-3041,Travel Agents,448,0.00026128265548737786,59150.0,59150.0,False,52690.0,48450.0,False,
41-3091,"Sales Representatives of Services, Except Advertising, Insurance, Financial Services, and Travel",449,0.015156411697223038,1189330.0,1189330.0,False,81260.0,66260.0,False,
41-4011,"Sales Representatives, Wholesale and Manufacturing, Technical and Scientific Products",450,0.0059520100328189504,293930.0,293930.0,False,114520.0,100070.0,False,
41-4012,"Sales Representatives, Wholesale and Manufacturing, Except Technical and Scientific Products",451,0.008201217863530471,1266860.0,1266860.0,False,81470.0,66780.0,False,
41-9011,Demonstrators and Product Promoters,452,0.0007376481157653254,64770.0,64770.0,False,43730.0,37960.0,False,
41-9012,Models,453,7.857016119901263e-06,5350.0,5350.0,False,81540.0,89990.0,False,
41-9021,Real Estate Brokers,454,0.0003685399029869449,49590.0,49590.0,False,91660.0,72280.0,False,
41-9022,Real Estate Sales Agents,455,0.003340061376250378,190600.0,190600.0,False,70970.0,56320.0,False,
41-9031,Sales Engineers,456,0.000997097603366598,56690.0,56690.0,False,130410.0,121520.0,False,
41-9041,Telemarketers,457,0.0007253684734158172,66430.0,66430.0,False,36340.0,34410.0,False,
41-9091,"Door-to-Door Sales Workers, News and Street Vendors, and Related Workers",458,9.431782801013651e-06,4590.0,4590.0,False,39890.0,34530.0,False,
41-9099,"Sales and Related Workers, All Other",459,0.0,99070.0,99070.0,False,57030.0,46370.0,False,
43-1011,First-Line Supervisors of Office and Administrative Support Workers,460,0.008115886686836427,1495580.0,1495580.0,False,71560.0,66140.0,False,
43-2011,"Switchboard Operators, Including Answering Service",461,6.546463995170934e-05,35730.0,35730.0,False,42130.0,38370.0,False,
43-2021,Telephone Operators,462,3.196117216756337e-05,3950.0,3950.0,False,42880.0,39130.0,False,
43-2099,"Communications Equipment Operators, All Other (##)",463,0.0,1390.0,1390.0,False,55890.0,49910.0,False,
43-3011,Bill and Account Collectors,464,0.00021154736201395343,165020.0,165020.0,False,48370.0,46040.0,False,
43-3021,Billing and Posting Clerks,465,0.005847753318378465,417500.0,417500.0,False,49490.0,47170.0,False,
43-3031,"Bookkeeping, Accounting, and Auditing Clerks",466,0.010798452574692023,1455770.0,1455770.0,False,52020.0,49210.0,False,
43-3041,Gambling Cage Workers,467,3.433367753000865e-05,13490.0,13490.0,False,38600.0,36990.0,False,
43-3051,Payroll and Timekeeping Clerks,468,0.0007362305876684737,156950.0,156950.0,False,56870.0,55290.0,False,
43-3061,Procurement Clerks,469,0.0005803750425448327,59900.0,59900.0,False,50430.0,48510.0,False,
43-3071,Tellers,470,0.002633631540824197,339340.0,339340.0,False,40940.0,39340.0,False,
43-3099,"Financial Clerks, All Other",471,0.0,37030.0,37030.0,False,55330.0,52150.0,False,
43-4011,Brokerage Clerks,472,0.00014437385877078988,40090.0,40090.0,False,67680.0,62940.0,False,
43-4021,Correspondence Clerks,473,1.861966532687394e-05,6260.0,6260.0,False,46610.0,46740.0,False,
43-4031,"Court, Municipal, and License Clerks",474,0.002435301160766104,170010.0,170010.0,False,51200.0,47700.0,False,
43-4041,"Credit Authorizers, Checkers, and Clerks",475,6.198361573476472e-05,11960.0,11960.0,False,51270.0,49130.0,False,
43-4051,Customer Service Representatives,476,0.008076915665157983,2725930.0,2725930.0,False,45380.0,42830.0,False,
43-4061,"Eligibility Interviewers, Government Programs",477,0.0014401837238861507,156260.0,156260.0,False,53970.0,51500.0,False,
43-4071,File Clerks,478,0.0004182828282745387,78980.0,78980.0,False,43700.0,41270.0,False,
43-4081,"Hotel, Motel, and Resort Desk Clerks",479,0.000640627342365394,261430.0,261430.0,False,34740.0,34270.0,False,
43-4111,"Interviewers, Except Eligibility and Loan",480,0.001141261841774502,157310.0,157310.0,False,45400.0,43830.0,False,
43-4121,"Library Assistants, Clerical",481,0.0005074042016967888,80070.0,80070.0,False,37910.0,36010.0,False,
43-4131,Loan Interviewers and Clerks,482,0.0006105198253695064,173100.0,173100.0,False,51050.0,48950.0,False,
43-4141,New Accounts Clerks,483,0.00017147282464532104,38030.0,38030.0,False,47610.0,46610.0,False,
43-4151,Order Clerks,484,0.0004527434739917075,83420.0,83420.0,False,46270.0,44660.0,False,
43-4161,"Human Resources Assistants, Except Payroll and Timekeeping",485,0.0004975920886800602,92580.0,92580.0,False,50950.0,49440.0,False,
43-4171,Receptionists and Information Clerks,486,0.0032071268265236167,964530.0,964530.0,False,38480.0,37230.0,False,
43-4181,Reservation and Transportation Ticket Agents and Travel Clerks,487,0.0019184670664614658,127440.0,127440.0,False,47720.0,41460.0,False,
43-4199,"Information and Record Clerks, All Other",488,0.0,143910.0,143910.0,False,50200.0,48360.0,False,
43-5011,Cargo and Freight Agents,489,0.0007854857521615699,97800.0,97800.0,False,55420.0,49900.0,False,
43-5021,Couriers and Messengers,490,0.00018183960233290083,71920.0,71920.0,False,40060.0,38340.0,False,
43-5031,Public Safety Telecommunicators,491,0.000645606491871573,101140.0,101140.0,False,54800.0,50730.0,False,
43-5032,"Dispatchers, Except Police, Fire, and Ambulance",492,0.00020925987489567777,211000.0,211000.0,False,53150.0,48880.0,False,
43-5041,"Meter Readers, Utilities",493,2.0996366335965388e-05,19620.0,19620.0,False,55810.0,49180.0,False,
43-5051,Postal Service Clerks,494,0.0005746146787554084,78060.0,78060.0,False,61070.0,61630.0,False,
43-5052,Postal Service Mail Carriers,495,0.0015305891050645803,336040.0,336040.0,False,59880.0,57490.0,False,
43-5053,"Postal Service Mail Sorters, Processors, and Processing Machine Operators",496,8.244017718563935e-05,111930.0,111930.0,False,58310.0,56530.0,False,
43-5061,"Production, Planning, and Expediting Clerks",497,0.002532523248020946,385000.0,385000.0,False,60420.0,57770.0,False,
43-5071,"Shipping, Receiving, and Inventory Clerks",498,0.0005415169510457953,857630.0,857630.0,False,44890.0,43190.0,False,
43-5111,"Weighers, Measurers, Checkers, and Samplers, Recordkeeping",499,0.00011401457229112626,49720.0,49720.0,False,46660.0,45650.0,False,
43-6011,Executive Secretaries and Executive Administrative Assistants,500,0.0017033369363504078,472770.0,472770.0,False,77060.0,74260.0,False,
43-6012,Legal Secretaries and Administrative Assistants,501,0.0009225256888772562,154540.0,154540.0,False,60320.0,54140.0,False,
43-6013,Medical Secretaries and Administrative Assistants,502,0.001964749643107855,830760.0,830760.0,False,45580.0,44640.0,False,
43-6014,"Secretaries and Administrative Assistants, Except Legal, Medical, and Executive",503,0.021620007815011475,1737820.0,1737820.0,False,47640.0,46290.0,False,
43-9021,Data Entry Keyers,504,0.0029479031904111807,135280.0,135280.0,False,42070.0,39850.0,False,
43-9022,Word Processors and Typists,505,0.00027588061649696334,36030.0,36030.0,False,49730.0,47850.0,False,
43-9031,Desktop Publishers,506,6.41779850030722e-06,4000.0,4000.0,False,60250.0,53620.0,False,
43-9041,Insurance Claims and Policy Processing Clerks,507,0.001221766980064377,229070.0,229070.0,False,51980.0,48450.0,False,
43-9051,"Mail Clerks and Mail Machine Operators, Except Postal Service",508,0.00023346440915253752,62730.0,62730.0,False,40200.0,38150.0,False,
43-9061,"Office Clerks, General",509,0.013575908251719884,2510550.0,2510550.0,False,45470.0,43630.0,False,
43-9071,"Office Machine Operators, Except Computer",510,2.030394073157294e-05,24740.0,24740.0,False,41620.0,39020.0,False,
43-9081,Proofreaders and Copy Markers,511,2.603200130871579e-05,5160.0,5160.0,False,52730.0,49210.0,False,
43-9111,Statistical Assistants,512,1.2990419026078766e-05,5900.0,5900.0,False,55470.0,51440.0,False,
43-9199,"Office and Administrative Support Workers, All Other",513,0.0,195890.0,195890.0,False,48700.0,46040.0,False,
45-1011,"First-Line Supervisors of Farming, Fishing, and Forestry Workers",514,1.66313109055411e-05,29530.0,29530.0,False,63360.0,59330.0,False,
45-2011,Agricultural Inspectors,515,5.3090476529337284e-06,12090.0,12090.0,False,55650.0,50990.0,False,
45-2021,Animal Breeders,516,1.834047931913113e-06,1730.0,1730.0,False,56150.0,52000.0,False,
45-2041,"Graders and Sorters, Agricultural Products",517,1.5368490399531824e-06,26870.0,26870.0,False,36080.0,35430.0,False,
45-2091,Agricultural Equipment Operators,518,1.394991332162635e-05,30940.0,30940.0,False,43920.0,42580.0,False,
45-2092,"Farmworkers and Laborers, Crop, Nursery, and Greenhouse",519,0.0005645242127459814,261690.0,261690.0,False,37850.0,35690.0,False,
45-2093,"Farmworkers, Farm, Ranch, and Aquacultural Animals",520,5.9741753067548786e-05,35420.0,35420.0,False,38580.0,36150.0,False,
45-2099,"Agricultural Workers, All Other",521,0.0,4980.0,4980.0,False,45780.0,40390.0,False,
45-3031,Fishing and Hunting Workers (##),522,8.311985284905616e-05,43105.0,,True,,,False,
45-4011,Forest and Conservation Workers,523,3.618387232561881e-06,5630.0,5630.0,False,42830.0,43680.0,False,
45-4021,Fallers,524,3.2380127895937493e-07,4110.0,4110.0,False,59120.0,53900.0,False,
45-4022,Logging Equipment Operators,525,1.2880476509023322e-06,22520.0,22520.0,False,52020.0,49210.0,False,
45-4023,Log Graders and Scalers,526,1.2464747436076985e-06,3310.0,3310.0,False,48130.0,46710.0,False,
45-4029,"Logging Workers, All Other",527,0.0,2160.0,2160.0,False,53820.0,52000.0,False,
47-1011,First-Line Supervisors of Construction Trades and Extraction Workers,528,0.0029196414234147184,806080.0,806080.0,False,84500.0,78690.0,False,
47-2011,Boilermakers,529,1.1934169979010724e-06,10170.0,10170.0,False,76900.0,73340.0,False,
47-2021,Brickmasons and Blockmasons,530,3.161158667842709e-05,53520.0,53520.0,False,65390.0,60800.0,False,
47-2022,Stonemasons,531,2.5531493755575694e-07,8750.0,8750.0,False,57220.0,51990.0,False,
47-2031,Carpenters,532,0.0005018471592944746,697740.0,697740.0,False,64040.0,59310.0,False,
47-2041,Carpet Installers,533,4.4024858499685414e-05,14980.0,14980.0,False,55860.0,49850.0,False,
47-2042,"Floor Layers, Except Carpet, Wood, and Hard Tiles",534,3.2959740303737e-06,24850.0,24850.0,False,60550.0,54340.0,False,
47-2043,Floor Sanders and Finishers,535,1.449507371899635e-08,4140.0,4140.0,False,50880.0,49150.0,False,
47-2044,Tile and Stone Setters,536,6.115727791439302e-05,38740.0,38740.0,False,57590.0,52240.0,False,
47-2051,Cement Masons and Concrete Finishers,537,6.706931903558886e-06,205230.0,205230.0,False,59360.0,54660.0,False,
47-2053,Terrazzo Workers and Finishers,538,6.52980276405616e-07,1450.0,1450.0,False,62330.0,57260.0,False,
47-2061,Construction Laborers,539,0.00011936160672136499,1057660.0,1057660.0,False,51260.0,46730.0,False,
47-2071,"Paving, Surfacing, and Tamping Equipment Operators",540,2.2206764835644082e-06,45680.0,45680.0,False,58660.0,51650.0,False,
47-2072,Pile Driver Operators,541,1.0643725629407948e-08,3040.0,3040.0,False,79000.0,70510.0,False,
47-2073,Operating Engineers and Other Construction Equipment Operators,542,0.0007352920367145856,469270.0,469270.0,False,65180.0,58710.0,False,
47-2081,Drywall and Ceiling Tile Installers,543,9.72805006155348e-06,82900.0,82900.0,False,62810.0,58140.0,False,
47-2082,Tapers,544,8.26384317822884e-07,12500.0,12500.0,False,70390.0,64700.0,False,
47-2111,Electricians,545,0.0027965608428246356,742580.0,742580.0,False,69630.0,62350.0,False,
47-2121,Glaziers,546,7.845668366200735e-05,57000.0,57000.0,False,60260.0,55440.0,False,
47-2131,"Insulation Workers, Floor, Ceiling, and Wall",547,5.8215182712764936e-06,38610.0,38610.0,False,53440.0,48680.0,False,
47-2132,"Insulation Workers, Mechanical",548,3.865934433450642e-06,25640.0,25640.0,False,63540.0,57250.0,False,
47-2141,"Painters, Construction and Maintenance",549,7.158805475124703e-05,224180.0,224180.0,False,53710.0,48660.0,False,
47-2142,Paperhangers,550,3.14138489758065e-07,1520.0,1520.0,False,51900.0,48260.0,False,
47-2151,Pipelayers,551,1.1311008197034798e-05,33580.0,33580.0,False,54270.0,48710.0,False,
47-2152,"Plumbers, Pipefitters, and Steamfitters",552,0.0019666349393265715,455940.0,455940.0,False,69940.0,62970.0,False,
47-2161,Plasterers and Stucco Masons,553,2.3779038455211247e-06,20880.0,20880.0,False,61000.0,56020.0,False,
47-2171,Reinforcing Iron and Rebar Workers,554,1.1336652421841447e-06,14140.0,14140.0,False,62640.0,59280.0,False,
47-2181,Roofers,555,8.224145929433596e-06,136740.0,136740.0,False,57090.0,50970.0,False,
47-2211,Sheet Metal Workers,556,0.0002990398968819253,117470.0,117470.0,False,66110.0,60850.0,False,
47-2221,Structural Iron and Steel Workers,557,5.188883626178065e-06,64720.0,64720.0,False,69270.0,62700.0,False,
47-2231,Solar Photovoltaic Installers,558,7.121098328377484e-05,28280.0,28280.0,False,57380.0,51860.0,False,
47-3011,"Helpers--Brickmasons, Blockmasons, Stonemasons, and Tile and Marble Setters",559,5.117699829933839e-07,15660.0,15660.0,False,49730.0,46480.0,False,
47-3012,Helpers--Carpenters,560,1.823708158457531e-06,24610.0,24610.0,False,42080.0,41600.0,False,
47-3013,Helpers--Electricians,561,3.752486974068422e-06,64440.0,64440.0,False,42900.0,39890.0,False,
47-3014,"Helpers--Painters, Paperhangers, Plasterers, and Stucco Masons",562,2.359501454158513e-07,7220.0,7220.0,False,40880.0,38140.0,False,
47-3015,"Helpers--Pipelayers, Plumbers, Pipefitters, and Steamfitters",563,4.152963837091295e-06,43640.0,43640.0,False,41720.0,39270.0,False,
47-3016,Helpers--Roofers,564,1.6895599055400988e-07,5170.0,5170.0,False,42070.0,40590.0,False,
47-3019,"Helpers, Construction Trades, All Other",565,0.0,25510.0,25510.0,False,44040.0,40760.0,False,
47-4011,Construction and Building Inspectors,566,0.00048750183507551557,137210.0,137210.0,False,76430.0,72120.0,False,
47-4021,Elevator and Escalator Installers and Repairers,567,1.5452182244883742e-05,23340.0,23340.0,False,104860.0,106580.0,False,
47-4031,Fence Erectors,568,2.8409451330034874e-05,22640.0,22640.0,False,50550.0,46940.0,False,
47-4041,Hazardous Materials Removal Workers,569,2.8422647940898065e-06,50570.0,50570.0,False,55740.0,48490.0,False,
47-4051,Highway Maintenance Workers,570,4.959201463553384e-06,151750.0,151750.0,False,51410.0,49070.0,False,
47-4061,Rail-Track Laying and Maintenance Equipment Operators,571,5.770019683310624e-08,16480.0,16480.0,False,68270.0,67370.0,False,
47-4071,Septic Tank Servicers and Sewer Pipe Cleaners,572,0.0018806958866922213,29050.0,29050.0,False,52730.0,49140.0,False,
47-4091,Segmental Pavers,573,6.0464561571569603e-05,16765.0,16765.0,False,52910.0,48120.0,True,47-4090
47-4099,"Construction and Related Workers, All Other",574,2.9236250430228556e-05,16765.0,16765.0,False,52910.0,48120.0,True,47-4090
47-5011,"Derrick Operators, Oil and Gas",575,5.372821541091336e-06,11040.0,11040.0,False,62490.0,62740.0,False,
47-5012,"Rotary Drill Operators, Oil and Gas",576,2.478920346930345e-06,13090.0,13090.0,False,70080.0,65010.0,False,
47-5013,"Service Unit Operators, Oil and Gas",577,3.3494891827003293e-05,44120.0,44120.0,False,61530.0,57980.0,False,
47-5022,"Excavating and Loading Machine and Dragline Operators, Surface Mining",578,2.0415270921649495e-05,34210.0,34210.0,False,57860.0,52550.0,False,
47-5023,"Earth Drillers, Except Oil and Gas",579,2.509337328569959e-06,17410.0,17410.0,False,63260.0,59600.0,False,
47-5032,"Explosives Workers, Ordnance Handling Experts, and Blasters (##)",579,4.828989035054766e-07,5680.0,5680.0,False,66840.0,59110.0,False,
47-5041,Continuous Mining Machine Operators,580,5.0207574186088796e-08,14340.0,14340.0,False,63920.0,63380.0,False,
47-5043,"Roof Bolters, Mining",581,1.0060094827953841e-07,2230.0,2230.0,False,74760.0,76640.0,False,
47-5044,"Loading and Moving Machine Operators, Underground Mining (##)",582,3.340703542741745e-06,6130.0,6130.0,False,68470.0,68860.0,False,
47-5049,"Underground Mining Machine Operators, All Other (##)",583,0.0,3480.0,3480.0,False,67830.0,67220.0,False,
47-5051,"Rock Splitters, Quarry",584,0.0,3080.0,3080.0,False,50540.0,47460.0,False,
47-5071,"Roustabouts, Oil and Gas",585,1.4813878243352546e-06,45330.0,45330.0,False,49060.0,47510.0,False,
47-5081,Helpers--Extraction Workers,586,2.7171057282061034e-07,6720.0,6720.0,False,50330.0,48400.0,False,
47-5099,"Extraction Workers, All Other (##)",583,0.0,6070.0,6070.0,False,54780.0,50110.0,False,
49-1011,"First-Line Supervisors of Mechanics, Installers, and Repairers",587,0.003006486182911019,600680.0,600680.0,False,82930.0,78300.0,False,
49-2011,"Computer, Automated Teller, and Office Machine Repairers",588,0.00023944966364147254,73010.0,73010.0,False,49820.0,46860.0,False,
49-2021,"Radio, Cellular, and Tower Equipment Installers and Repairers",589,7.500716192662607e-06,11400.0,11400.0,False,69180.0,64190.0,False,
49-2022,"Telecommunications Equipment Installers and Repairers, Except Line Installers",590,0.0008647492391731341,153890.0,153890.0,False,66650.0,62630.0,False,
49-2091,Avionics Technicians,591,2.299116987411136e-05,20900.0,20900.0,False,82350.0,81390.0,False,
49-2092,"Electric Motor, Power Tool, and Related Repairers",592,7.068477159882761e-06,16570.0,16570.0,False,56820.0,53990.0,False,
49-2093,"Electrical and Electronics Installers and Repairers, Transportation Equipment",593,4.0256096951624145e-06,7310.0,7310.0,False,80980.0,82730.0,False,
49-2094,"Electrical and Electronics Repairers, Commercial and Industrial Equipment",594,0.00014057253863759324,59990.0,59990.0,False,72950.0,71300.0,False,
49-2095,"Electrical and Electronics Repairers, Powerhouse, Substation, and Relay",595,3.8758332692411066e-05,23040.0,23040.0,False,97460.0,100940.0,False,
49-2096,"Electronic Equipment Installers and Repairers, Motor Vehicles",596,1.0919647760756755e-05,10140.0,10140.0,False,50240.0,47940.0,False,
49-2097,Audiovisual Equipment Installers and Repairers,597,1.232367166575268e-05,22170.0,22170.0,False,55740.0,50620.0,False,
49-2098,Security and Fire Alarm Systems Installers,598,0.00020565567093408589,81510.0,81510.0,False,60040.0,59300.0,False,
49-3011,Aircraft Mechanics and Service Technicians,599,0.00013564459527643275,136390.0,136390.0,False,80780.0,78680.0,False,
49-3021,Automotive Body and Related Repairers,600,0.00018236407516666151,155220.0,155220.0,False,58830.0,51680.0,False,
49-3022,Automotive Glass Installers and Repairers,601,1.2755327718603812e-06,18940.0,18940.0,False,49580.0,47260.0,False,
49-3023,Automotive Service Technicians and Mechanics,602,0.0011085917195328824,688840.0,688840.0,False,55260.0,49670.0,False,
49-3031,Bus and Truck Mechanics and Diesel Engine Specialists,603,0.0001309974818356942,287230.0,287230.0,False,62480.0,60640.0,False,
49-3041,Farm Equipment Mechanics and Service Technicians,604,2.0605625288718586e-05,36880.0,36880.0,False,55290.0,52080.0,False,
49-3042,"Mobile Heavy Equipment Mechanics, Except Engines",605,0.00012917550222078293,180270.0,180270.0,False,67580.0,63980.0,False,
49-3043,Rail Car Repairers,606,1.1107541329708042e-06,18300.0,18300.0,False,67610.0,65680.0,False,
49-3051,Motorboat Mechanics and Service Technicians,607,1.6006410864478594e-05,24250.0,24250.0,False,56450.0,54950.0,False,
49-3052,Motorcycle Mechanics,608,4.553061354901727e-06,14010.0,14010.0,False,49650.0,47200.0,False,
49-3053,Outdoor Power Equipment and Other Small Engine Mechanics,609,2.1756145211524367e-05,34240.0,34240.0,False,48200.0,46560.0,False,
49-3091,Bicycle Repairers,610,2.068300556104832e-05,12590.0,12590.0,False,41550.0,40360.0,False,
49-3092,Recreational Vehicle Service Technicians,611,4.427828228280357e-05,18710.0,18710.0,False,55380.0,50540.0,False,
49-3093,Tire Repairers and Changers,612,2.6186968968435243e-06,106620.0,106620.0,False,39140.0,37120.0,False,
49-9011,Mechanical Door Repairers,613,6.257509190915512e-06,27970.0,27970.0,False,54110.0,51050.0,False,
49-9012,"Control and Valve Installers and Repairers, Except Mechanical Door",614,4.8760581381331756e-05,46920.0,46920.0,False,75970.0,74690.0,False,
49-9021,"Heating, Air Conditioning, and Refrigeration Mechanics and Installers",615,0.0003968695082299346,396870.0,396870.0,False,62690.0,59810.0,False,
49-9031,Home Appliance Repairers,616,3.662619091591527e-05,31940.0,31940.0,False,53580.0,49410.0,False,
49-9041,Industrial Machinery Mechanics,617,0.00045335833900851284,421940.0,421940.0,False,67160.0,63760.0,False,
49-9043,"Maintenance Workers, Machinery",618,4.1512061221602994e-05,56540.0,56540.0,False,61820.0,60500.0,False,
49-9044,Millwrights,619,0.000103530221557474,40660.0,40660.0,False,68640.0,65170.0,False,
49-9045,"Refractory Materials Repairers, Except Brickmasons",620,7.298643973692097e-08,1100.0,1100.0,False,61480.0,58540.0,False,
49-9051,Electrical Power-Line Installers and Repairers,621,3.9501258615004506e-05,123680.0,123680.0,False,90110.0,92560.0,False,
49-9052,Telecommunications Line Installers and Repairers,622,0.00018697007767062073,98360.0,98360.0,False,72440.0,70500.0,False,
49-9061,Camera and Photographic Equipment Repairers,623,2.2004552936425e-06,2010.0,2010.0,False,53420.0,49300.0,False,
49-9062,Medical Equipment Repairers,624,5.643439241728028e-05,60830.0,60830.0,False,66810.0,62630.0,False,
49-9063,Musical Instrument Repairers and Tuners,625,1.8725683285773237e-07,5730.0,5730.0,False,49020.0,45320.0,False,
49-9064,Watch and Clock Repairers,626,6.092008277397488e-07,1300.0,1300.0,False,62450.0,60690.0,False,
49-9069,"Precision Instrument and Equipment Repairers, All Other",627,0.0,9680.0,9680.0,False,70420.0,67080.0,False,
49-9071,"Maintenance and Repair Workers, General",628,0.001588643864767589,1531700.0,1531700.0,False,52430.0,48620.0,False,
49-9081,Wind Turbine Service Technicians,629,4.956628538088372e-06,11220.0,11220.0,False,67580.0,62580.0,False,
49-9091,"Coin, Vending, and Amusement Machine Servicers and Repairers",630,1.0898337703366058e-05,28260.0,28260.0,False,48530.0,47350.0,False,
49-9092,Commercial Divers,631,3.223205755817241e-06,3430.0,3430.0,False,78110.0,61130.0,False,
49-9094,Locksmiths and Safe Repairers,632,1.0673056792289535e-06,15550.0,15550.0,False,55200.0,50490.0,False,
49-9095,Manufactured Building and Mobile Home Installers,633,2.351630054332772e-06,2610.0,2610.0,False,42620.0,41080.0,False,
49-9096,Riggers,634,1.0356728711833157e-05,24190.0,24190.0,False,66600.0,62060.0,False,
49-9097,Signal and Track Switch Repairers,635,2.218811106878919e-07,8210.0,8210.0,False,84940.0,83600.0,False,
49-9098,"Helpers--Installation, Maintenance, and Repair Workers",636,2.3956827548125813e-06,97540.0,97540.0,False,40750.0,38860.0,False,
49-9099,"Installation, Maintenance, and Repair Workers, All Other (##)",637,8.617586561644512e-05,183690.0,183690.0,False,53270.0,48640.0,False,
51-1011,First-Line Supervisors of Production and Operating Workers,638,0.0011982085056068206,685140.0,685140.0,False,74540.0,71190.0,False,
51-2011,"Aircraft Structure, Surfaces, Rigging, and Systems Assemblers",639,5.46499193449919e-06,32890.0,32890.0,False,66510.0,61680.0,False,
51-2021,"Coil Winders, Tapers, and Finishers",640,1.7114759719987717e-06,12170.0,12170.0,False,48940.0,47260.0,False,
51-2022,Electrical and Electronic Equipment Assemblers,641,4.408785830830717e-05,43105.0,,True,,,False,
51-2023,Electromechanical Equipment Assemblers,642,5.2177373551524745e-06,43105.0,,True,,,False,
51-2031,Engine and Other Machine Assemblers,643,2.085967902425057e-05,38420.0,38420.0,False,56040.0,52540.0,False,
51-2041,Structural Metal Fabricators and Fitters,644,6.077076984818012e-06,53380.0,53380.0,False,52740.0,49900.0,False,
51-2051,Fiberglass Laminators and Fabricators,645,2.046178026134704e-06,18520.0,18520.0,False,47320.0,45760.0,False,
51-2061,Timing Device Assemblers and Adjusters,646,2.784084425670036e-08,230.0,230.0,False,42410.0,40790.0,False,
51-2092,Team Assemblers,647,0.0003863342975397045,728900.0,728900.0,False,44860.0,42210.0,True,51-2090
51-2099,"Assemblers and Fabricators, All Other",648,0.0,728900.0,728900.0,False,44860.0,42210.0,True,51-2090
51-3011,Bakers,649,4.324663069013357e-05,231890.0,231890.0,False,37670.0,36650.0,False,
51-3021,Butchers and Meat Cutters,650,6.754014271341802e-05,140040.0,140040.0,False,41300.0,38960.0,False,
51-3022,"Meat, Poultry, and Fish Cutters and Trimmers",651,7.418027080161329e-06,141090.0,141090.0,False,38640.0,37700.0,False,
51-3023,Slaughterers and Meat Packers,652,1.7622156607101688e-06,67500.0,67500.0,False,40710.0,39790.0,False,
51-3091,"Food and Tobacco Roasting, Baking, and Drying Machine Operators and Tenders",653,3.785228905935288e-06,19500.0,19500.0,False,44140.0,42730.0,False,
51-3092,Food Batchmakers,654,2.5898662288253263e-05,171660.0,171660.0,False,42830.0,40790.0,False,
51-3093,Food Cooking Machine Operators and Tenders,655,5.369201617342054e-06,27660.0,27660.0,False,41930.0,40550.0,False,
51-3099,"Food Processing Workers, All Other",656,0.0,57920.0,57920.0,False,39260.0,38420.0,False,
51-4021,"Extruding and Drawing Machine Setters, Operators, and Tenders, Metal and Plastic",657,3.211099335600685e-05,65700.0,65700.0,False,48170.0,46980.0,False,
51-4022,"Forging Machine Setters, Operators, and Tenders, Metal and Plastic",658,4.513789356860371e-06,8760.0,8760.0,False,50900.0,49240.0,False,
51-4023,"Rolling Machine Setters, Operators, and Tenders, Metal and Plastic",659,7.116299355831853e-06,22350.0,22350.0,False,50940.0,48630.0,False,
51-4031,"Cutting, Punching, and Press Machine Setters, Operators, and Tenders, Metal and Plastic",660,0.00010586080595622004,174430.0,174430.0,False,47060.0,45590.0,False,
51-4032,"Drilling and Boring Machine Tool Setters, Operators, and Tenders, Metal and Plastic",661,6.04520022281447e-07,5310.0,5310.0,False,50330.0,46630.0,False,
51-4033,"Grinding, Lapping, Polishing, and Buffing Machine Tool Setters, Operators, and Tenders, Metal and Plastic",662,1.746671584298885e-05,70110.0,70110.0,False,46600.0,45190.0,False,
51-4034,"Lathe and Turning Machine Tool Setters, Operators, and Tenders, Metal and Plastic",663,0.00023059972923335464,18970.0,18970.0,False,50190.0,48620.0,False,
51-4035,"Milling and Planing Machine Setters, Operators, and Tenders, Metal and Plastic",664,2.4071100995706415e-06,13810.0,13810.0,False,52940.0,48310.0,False,
51-4041,Machinists,665,0.004744231480208615,298790.0,298790.0,False,57390.0,56150.0,False,
51-4051,Metal-Refining Furnace Operators and Tenders,666,2.603112613203037e-06,20330.0,20330.0,False,57290.0,55770.0,False,
51-4052,"Pourers and Casters, Metal",667,2.041214487481853e-08,5830.0,5830.0,False,51320.0,48940.0,False,
51-4061,"Model Makers, Metal and Plastic",668,3.97862183691694e-05,3230.0,3230.0,False,65840.0,62700.0,False,
51-4062,"Patternmakers, Metal and Plastic",669,1.9622785202376283e-05,1570.0,1570.0,False,57930.0,54540.0,False,
51-4071,Foundry Mold and Coremakers,670,4.453558881778589e-08,12720.0,12720.0,False,46910.0,45700.0,False,
51-4072,"Molding, Coremaking, and Casting Machine Setters, Operators, and Tenders, Metal and Plastic",671,3.9029281438588135e-05,154820.0,154820.0,False,44130.0,41230.0,False,
51-4081,"Multiple Machine Tool Setters, Operators, and Tenders, Metal and Plastic",672,0.0015934715225923517,129850.0,129850.0,False,48590.0,46060.0,False,
51-4111,Tool and Die Makers,673,8.312362141814894e-06,55130.0,55130.0,False,65100.0,63180.0,False,
51-4121,"Welders, Cutters, Solderers, and Brazers",674,9.105125979305547e-05,424040.0,424040.0,False,55100.0,51000.0,False,
51-4122,"Welding, Soldering, and Brazing Machine Setters, Operators, and Tenders",675,0.00044254123318985286,36290.0,36290.0,False,49270.0,47060.0,False,
51-4191,"Heat Treating Equipment Setters, Operators, and Tenders, Metal and Plastic",676,2.130779257397478e-06,14590.0,14590.0,False,49030.0,47450.0,False,
51-4192,"Layout Workers, Metal and Plastic",677,1.5680450055164345e-05,5610.0,5610.0,False,65770.0,61870.0,False,
51-4193,"Plating Machine Setters, Operators, and Tenders, Metal and Plastic",678,7.006697380646309e-06,31510.0,31510.0,False,43820.0,41600.0,False,
51-4194,"Tool Grinders, Filers, and Sharpeners",679,1.2286443885812692e-06,5730.0,5730.0,False,51790.0,48970.0,False,
51-4199,"Metal Workers and Plastic Workers, All Other",680,0.0,20270.0,20270.0,False,45850.0,42750.0,False,
51-5111,Prepress Technicians and Workers,681,0.0002904005788568688,23070.0,23070.0,False,49130.0,47300.0,False,
51-5112,Printing Press Operators,682,0.0018452547930290415,145110.0,145110.0,False,46620.0,45160.0,False,
51-5113,Print Binding and Finishing Workers,683,1.7178476854702962e-05,36470.0,36470.0,False,43040.0,39820.0,False,
51-6011,Laundry and Dry-Cleaning Workers,684,1.500629343225938e-05,195360.0,195360.0,False,33990.0,33800.0,False,
51-6021,"Pressers, Textile, Garment, and Related Materials",685,3.391807214287966e-06,26830.0,26830.0,False,33370.0,33880.0,False,
51-6031,Sewing Machine Operators,686,1.069914485794034e-05,109590.0,109590.0,False,36680.0,36000.0,False,
51-6041,Shoe and Leather Workers and Repairers,687,1.9164334621728697e-06,7640.0,7640.0,False,36280.0,35950.0,False,
51-6042,Shoe Machine Operators and Tenders,688,3.943864145725577e-07,3270.0,3270.0,False,37230.0,38160.0,False,
51-6051,"Sewers, Hand",689,1.5815100835260873e-07,2240.0,2240.0,False,34810.0,33760.0,False,
51-6052,"Tailors, Dressmakers, and Custom Sewers",690,9.593032223624969e-06,16290.0,16290.0,False,44050.0,40860.0,False,
51-6061,Textile Bleaching and Dyeing Machine Operators and Tenders,691,7.288060951320875e-05,5820.0,5820.0,False,39000.0,37320.0,False,
51-6062,"Textile Cutting Machine Setters, Operators, and Tenders",692,0.00011183485549328891,8960.0,8960.0,False,38500.0,37940.0,False,
51-6063,"Textile Knitting and Weaving Machine Setters, Operators, and Tenders",693,0.00018135719311579106,14530.0,14530.0,False,39470.0,38260.0,False,
51-6064,"Textile Winding, Twisting, and Drawing Out Machine Setters, Operators, and Tenders",694,1.1507357481846513e-05,20600.0,20600.0,False,38440.0,37660.0,False,
51-6091,"Extruding and Forming Machine Setters, Operators, and Tenders, Synthetic and Glass Fibers",695,1.196003991837555e-06,14900.0,14900.0,False,47420.0,44980.0,False,
51-6092,Fabric and Apparel Patternmakers,696,3.522172399041523e-05,2860.0,2860.0,False,71630.0,67670.0,False,
51-6093,Upholsterers,697,1.906466323720464e-05,20990.0,20990.0,False,46960.0,46190.0,False,
51-6099,"Textile, Apparel, and Furnishings Workers, All Other",698,0.0,14450.0,14450.0,False,40410.0,37010.0,False,
51-7011,Cabinetmakers and Bench Carpenters,699,0.001047114806355877,79540.0,79540.0,False,47460.0,46020.0,False,
51-7021,Furniture Finishers,700,1.3194110609679693e-05,14230.0,14230.0,False,44310.0,42530.0,False,
51-7031,"Model Makers, Wood",701,1.7772649670994597e-07,360.0,360.0,False,59780.0,51850.0,False,
51-7032,"Patternmakers, Wood",702,1.270576704673877e-07,180.0,180.0,False,57920.0,52520.0,False,
51-7041,"Sawing Machine Setters, Operators, and Tenders, Wood",703,8.601737765749122e-06,43140.0,43140.0,False,42390.0,39950.0,False,
51-7042,"Woodworking Machine Setters, Operators, and Tenders, Except Sawing",704,0.0007650049218548408,63350.0,63350.0,False,42290.0,40440.0,False,
51-7099,"Woodworkers, All Other",705,0.0,6590.0,6590.0,False,43730.0,41220.0,False,
51-8011,Nuclear Power Reactor Operators,706,8.36199851902095e-06,5720.0,5720.0,False,122830.0,122610.0,False,
51-8012,Power Distributors and Dispatchers,707,7.670841014025483e-06,9180.0,9180.0,False,109620.0,107240.0,False,
51-8013,Power Plant Operators,708,5.245126226459727e-05,30720.0,30720.0,False,95990.0,99670.0,False,
51-8021,Stationary Engineers and Boiler Operators,709,4.878825039159533e-05,30780.0,30780.0,False,79710.0,75190.0,False,
51-8031,Water and Wastewater Treatment Plant and System Operators,710,3.425509230169342e-06,126750.0,126750.0,False,60620.0,58260.0,False,
51-8091,Chemical Plant and System Operators,711,7.03426553046178e-06,17840.0,17840.0,False,76290.0,73540.0,False,
51-8092,Gas Plant Operators,712,1.7494417210366697e-05,15910.0,15910.0,False,85470.0,83400.0,False,
51-8093,"Petroleum Pump System Operators, Refinery Operators, and Gaugers",713,2.456334896173724e-05,34860.0,34860.0,False,90970.0,97540.0,False,
51-8099,"Plant and System Operators, All Other",714,2.7766455821733383e-06,15950.0,15950.0,False,64490.0,61710.0,False,
51-9011,Chemical Equipment Operators and Tenders,715,3.611277923926854e-05,127410.0,127410.0,False,59800.0,57090.0,False,
51-9012,"Separating, Filtering, Clarifying, Precipitating, and Still Machine Setters, Operators, and Tenders",716,2.3045418908590457e-05,54200.0,54200.0,False,53830.0,49500.0,False,
51-9021,"Crushing, Grinding, and Polishing Machine Setters, Operators, and Tenders",717,6.375019514576925e-06,28550.0,28550.0,False,49400.0,46890.0,False,
51-9022,"Grinding and Polishing Workers, Hand",718,2.192306384778118e-06,11850.0,11850.0,False,43550.0,41690.0,False,
51-9023,"Mixing and Blending Machine Setters, Operators, and Tenders",719,1.7147856363441745e-05,100840.0,100840.0,False,49990.0,47680.0,False,
51-9031,"Cutters and Trimmers, Hand",720,8.558033430211808e-07,7070.0,7070.0,False,41960.0,38800.0,False,
51-9032,"Cutting and Slicing Machine Setters, Operators, and Tenders",721,0.0005790156197385712,47540.0,47540.0,False,46420.0,45700.0,False,
51-9041,"Extruding, Forming, Pressing, and Compacting Machine Setters, Operators, and Tenders",722,1.3241257623881543e-05,57310.0,57310.0,False,47040.0,45130.0,False,
51-9051,"Furnace, Kiln, Oven, Drier, and Kettle Operators and Tenders",723,7.407763212436754e-06,16160.0,16160.0,False,49250.0,47010.0,False,
51-9061,"Inspectors, Testers, Sorters, Samplers, and Weighers",724,0.000444687155080863,591180.0,591180.0,False,51670.0,47460.0,False,
51-9071,Jewelers and Precious Stone and Metal Workers,725,9.53384362398681e-05,23420.0,23420.0,False,55030.0,49140.0,False,
51-9081,Dental Laboratory Technicians,726,5.026840575282589e-06,33920.0,33920.0,False,54060.0,48310.0,False,
51-9082,Medical Appliance Technicians,727,1.7027829660966082e-06,11490.0,11490.0,False,51410.0,47060.0,False,
51-9083,Ophthalmic Laboratory Technicians,728,2.960527291337021e-06,18740.0,18740.0,False,41760.0,38420.0,False,
51-9111,Packaging and Filling Machine Operators and Tenders,729,4.650138691960987e-05,383860.0,383860.0,False,43630.0,40900.0,False,
51-9123,"Painting, Coating, and Decorating Workers",730,1.3296873994563552e-06,8470.0,8470.0,False,44130.0,40860.0,False,
51-9124,"Coating, Painting, and Spraying Machine Setters, Operators, and Tenders (##)",731,1.433518964753786e-05,159500.0,159500.0,False,51610.0,47590.0,False,
51-9141,Semiconductor Processing Technicians,732,0.0004060299644082945,32150.0,32150.0,False,59640.0,51180.0,False,
51-9151,Photographic Process Workers and Processing Machine Operators,733,4.035498640369326e-06,5550.0,5550.0,False,46050.0,40100.0,False,
51-9161,Computer Numerically Controlled Tool Operators (##),734,0.002200659833565701,176950.0,176950.0,False,52900.0,49970.0,False,
51-9162,Computer Numerically Controlled Tool Programmers (##),734,0.00042273317214101635,28230.0,28230.0,False,69880.0,65670.0,False,
51-9191,Adhesive Bonding Machine Operators and Tenders,735,6.604365747335264e-06,12170.0,12170.0,False,45670.0,45210.0,False,
51-9192,"Cleaning, Washing, and Metal Pickling Equipment Operators and Tenders",736,1.2483748225974976e-06,13890.0,13890.0,False,43380.0,41460.0,False,
51-9193,Cooling and Freezing Equipment Operators and Tenders,737,1.2404445336375688e-06,6590.0,6590.0,False,44290.0,40160.0,False,
51-9194,Etchers and Engravers,738,1.2603961311783151e-06,8390.0,8390.0,False,43280.0,40450.0,False,
51-9195,"Molders, Shapers, and Casters, Except Metal and Plastic",739,0.00022494984543418975,34750.0,34750.0,False,46730.0,45690.0,False,
51-9196,"Paper Goods Machine Setters, Operators, and Tenders",740,4.373660060852578e-06,96950.0,96950.0,False,51750.0,49390.0,False,
51-9197,Tire Builders,741,8.571026929071289e-07,20970.0,20970.0,False,56230.0,55580.0,False,
51-9198,Helpers--Production Workers,742,2.5177160104228194e-05,167490.0,167490.0,False,40080.0,38220.0,False,
51-9199,"Production Workers, All Other",734,0.0,277060.0,277060.0,False,42940.0,38820.0,False,
53-1041,Aircraft Cargo Handling Supervisors,743,5.194414793990019e-07,10160.0,10160.0,False,66190.0,63940.0,False,
53-1042,"First-Line Supervisors of Helpers, Laborers, and Material Movers, Hand",744,0.00022857959175472332,43105.0,,True,,,False,
53-1043,First-Line Supervisors of Material-Moving Machine and Vehicle Operators,408,0.0001368255731774455,43105.0,,True,,,False,
53-1044,First-line Supervisors of Passenger Attendants (##),408,0.00012573805471578187,43105.0,,True,,,False,
53-1049,"First Line Supervisors of Transportation Workers, All Other",408,0.0,43105.0,,True,,,False,
53-2011,"Airline Pilots, Copilots, and Flight Engineers",745,0.00017629017461616176,99300.0,99300.0,False,280570.0,226600.0,False,
53-2012,Commercial Pilots,746,8.342699744621579e-05,51830.0,51830.0,False,142960.0,122670.0,False,
53-2021,Air Traffic Controllers,747,2.6246144419781343e-05,22400.0,22400.0,False,142740.0,144580.0,False,
53-2022,Airfield Operations Specialists,748,1.3778213241705144e-05,16640.0,16640.0,False,67120.0,56750.0,False,
53-2031,Flight Attendants,749,0.00014978136099186388,130110.0,130110.0,False,78950.0,67130.0,False,
53-3011,"Ambulance Drivers and Attendants, Except Emergency Medical Technicians",750,2.5637410033864574e-06,12080.0,12080.0,False,35550.0,34330.0,False,
53-3031,Driver/Sales Workers,751,0.00036045882465736293,417420.0,417420.0,False,39670.0,37130.0,False,
53-3032,Heavy and Tractor-Trailer Truck Drivers,752,0.0017134226102613174,2070480.0,2070480.0,False,58400.0,57440.0,False,
53-3033,Light Truck Drivers,753,0.0005729600802767216,994410.0,994410.0,False,47950.0,44140.0,False,
53-3051,"Bus Drivers, School",754,0.00025106893780070527,387920.0,387920.0,False,46660.0,47040.0,False,
53-3052,"Bus Drivers, Transit and Intercity",755,6.65702712868179e-05,148980.0,148980.0,False,58390.0,57440.0,False,
53-3053,Shuttle Drivers and Chauffeurs (##),754,0.0003319420884747757,229630.0,229630.0,False,39070.0,36670.0,False,
53-3054,Taxi Drivers,754,1.9437203263458298e-05,17510.0,17510.0,False,39310.0,36220.0,False,
53-3099,"Motor Vehicle Operators, All Other",756,0.0,50330.0,50330.0,False,40980.0,36260.0,False,
53-4011,Locomotive Engineers,757,2.310462277128482e-05,31990.0,31990.0,False,81540.0,77400.0,False,
53-4013,"Rail Yard Engineers, Dinkey Operators, and Hostlers",758,1.5072842982902917e-06,3300.0,3300.0,False,60810.0,58030.0,False,
53-4022,"Railroad Brake, Signal, and Switch Operators and Locomotive Firers (##)",759,6.948345747372089e-06,12460.0,12460.0,False,63170.0,65480.0,False,
53-4031,Railroad Conductors and Yardmasters,760,4.75577742413475e-05,42710.0,42710.0,False,75490.0,74080.0,False,
53-4041,Subway and Streetcar Operators,761,7.615287999221003e-06,9200.0,9200.0,False,75620.0,84830.0,False,
53-4099,"Rail Transportation Workers, All Other",762,0.0,1520.0,1520.0,False,53500.0,49330.0,False,
53-5011,Sailors and Marine Oilers,763,1.0851109567430683e-05,31360.0,31360.0,False,55320.0,49610.0,False,
53-5021,"Captains, Mates, and Pilots of Water Vessels",764,9.691962998676363e-05,35390.0,35390.0,False,97660.0,85540.0,False,
53-5022,Motorboat Operators,765,6.979441354138465e-07,2380.0,2380.0,False,55370.0,51880.0,False,
53-5031,Ship Engineers,766,3.6097027684539934e-06,8580.0,8580.0,False,105600.0,101320.0,False,
53-6011,Bridge and Lock Tenders,767,1.8658370559373036e-06,2720.0,2720.0,False,56520.0,58490.0,False,
53-6021,Parking Attendants,768,3.518183394699402e-05,134650.0,134650.0,False,34190.0,34600.0,False,
53-6031,Automotive and Watercraft Service Attendants,769,4.473788699211959e-05,98270.0,98270.0,False,35800.0,34850.0,False,
53-6032,Aircraft Service Attendants,770,1.0257289562327089e-05,27310.0,27310.0,False,43630.0,41540.0,False,
53-6041,Traffic Technicians,771,3.279236430870676e-05,7580.0,7580.0,False,61310.0,58480.0,False,
53-6051,Transportation Inspectors,772,7.240389429035172e-05,23320.0,23320.0,False,86490.0,85750.0,False,
53-6061,Passenger Attendants,773,3.89841068297561e-05,25340.0,25340.0,False,38480.0,37560.0,False,
53-6099,"Transportation Workers, All Other",770,0.0,10960.0,10960.0,False,45040.0,39630.0,False,
53-7011,Conveyor Operators and Tenders,774,1.338173321777042e-05,26060.0,26060.0,False,44800.0,41230.0,False,
53-7021,Crane and Tower Operators,775,9.474921008545833e-06,42000.0,42000.0,False,71560.0,66370.0,False,
53-7031,Dredge Operators,776,0.0,1030.0,1030.0,False,55820.0,48430.0,False,
53-7041,Hoist and Winch Operators,777,8.836603225452633e-07,2480.0,2480.0,False,64070.0,52310.0,False,
53-7051,Industrial Truck and Tractor Operators,778,2.995245216383711e-05,805770.0,805770.0,False,47830.0,46390.0,False,
53-7061,Cleaners of Vehicles and Equipment,779,4.000732128311992e-05,373960.0,373960.0,False,36290.0,35270.0,False,
53-7062,"Laborers and Freight, Stock, and Material Movers, Hand",780,0.0012937749276223452,2982530.0,2982530.0,False,41420.0,38940.0,False,
53-7063,Machine Feeders and Offbearers,781,2.8339404627544727e-06,46690.0,46690.0,False,42840.0,39700.0,False,
53-7064,"Packers and Packagers, Hand",782,6.363805366181787e-05,601440.0,601440.0,False,36600.0,35580.0,False,
53-7065,Stockers and Order Fillers,783,0.006613129784184114,2779530.0,2779530.0,False,38910.0,37090.0,False,
53-7071,Gas Compressor and Gas Pumping Station Operators,784,1.381013977606733e-07,5110.0,5110.0,False,71750.0,71510.0,False,
53-7072,"Pump Operators, Except Wellhead Pumpers",785,1.1308209820641707e-05,12600.0,12600.0,False,61950.0,60020.0,False,
53-7073,Wellhead Pumpers,786,1.873151390662907e-06,17350.0,17350.0,False,70070.0,70010.0,False,
53-7081,Refuse and Recyclable Material Collectors,787,0.00027607228459384945,139180.0,139180.0,False,51210.0,48350.0,False,
53-7121,"Tank Car, Truck, and Ship Loaders",788,5.075635250210453e-06,10920.0,10920.0,False,60010.0,58070.0,False,
53-7199,"Material Moving Workers, All Other (##)",578,0.0,25190.0,25190.0,False,46650.0,41690.0,False,
55-1011,Air Crew Officers,789,0.0,43105.0,,True,,,False,
55-1012,Aircraft Launch and Recovery Officers,790,0.0,43105.0,,True,,,False,
55-1013,Armored Assault Vehicle Officers,791,0.0,43105.0,,True,,,False,
55-1014,Artillery and Missile Officers,792,0.0,43105.0,,True,,,False,
55-1015,Command and Control Center Officers,793,0.0,43105.0,,True,,,False,
55-1016,Infantry Officers,794,0.0,43105.0,,True,,,False,
55-1017,Special Forces Officers,795,0.0,43105.0,,True,,,False,
55-1019,"Military Officer Special and Tactical Operations Leaders, All Other",796,0.0,43105.0,,True,,,False,
55-2011,First-Line Supervisors of Air Crew Members,797,0.0,43105.0,,True,,,False,
55-2012,First-Line Supervisors of Weapons Specialists/Crew Members,798,0.0,43105.0,,True,,,False,
55-2013,First-Line Supervisors of All Other Tactical Operations Specialists,799,0.0,43105.0,,True,,,False,
55-3011,Air Crew Members,800,0.0,43105.0,,True,,,False,
55-3012,Aircraft Launch and Recovery Specialists,801,0.0,43105.0,,True,,,False,
55-3013,Armored Assault Vehicle Crew Members,802,0.0,43105.0,,True,,,False,
55-3014,Artillery and Missile Crew Members,803,0.0,43105.0,,True,,,False,
55-3015,Command and Control Center Specialists,804,0.0,43105.0,,True,,,False,
55-3016,Infantry,805,0.0,43105.0,,True,,,False,
55-3018,Special Forces,806,0.0,43105.0,,True,,,False,
55-3019,"Military Enlisted Tactical Operations and Air/Weapons Specialists and Crew Members, All Other",807,0.0,43105.0,,True,,,False,
